BA	Arapuša	77246	16.24160	44.84196
BA	Avtovac	89245	18.55769	43.08730
BA	Fajtovci	79264	16.48850	44.72670
BA	Fakovići	75423	19.49262	44.08495
BA	Foča	74218	18.77515	43.50035
BA	Foča	73300	18.77515	43.50035
BA	Fojnica	71270	18.39950	43.23244
BA	Fojnica	89247	18.39950	43.23244
BA	Hadžići	71240	18.21645	43.76655
BA	Hajdarevići	72225	18.24941	44.47652
BA	Haljinići	72245	18.20595	44.08780
BA	Han Bila	72281	17.99818	44.05320
BA	Han Pijesak	71360	18.97445	44.07473
BA	Hodovo	88368	17.99715	43.16388
BA	Homoljska Cuprija	71254	18.07519	44.00180
BA	Hotonj	71322	18.37278	43.89472
BA	Hrasnica	71212	18.29040	43.77285
BA	Hrasno	88395	17.84070	42.97365
BA	Hrenovica	73295	18.86305	43.77516
BA	Hrvaćani	78436	17.42820	44.83920
BA	Hum	89203	18.15635	42.72774
BA	Humci	75244	17.52528	43.15306
BA	Husino	75216	18.66120	44.51905
BA	Hutovo	88394	17.80361	42.95583
BA	Ilidža	71210	18.34325	43.85785
BA	Ilijaš	71380	18.38197	43.93898
BA	Ilovača	73208	18.80035	43.68901
BA	Imljani	78234	17.51535	44.38291
BA	Ivanjska	78216	17.09650	44.91785
BA	Izačić	77208	15.78840	44.85885
BA	Jablanica	88420	18.19225	44.55826
BA	Jablanica	74256	18.19225	44.55826
BA	Jabuka	73255	18.62660	43.67023
BA	Jahorina	71423	18.56205	43.71878
BA	Jajce	70000	17.26556	44.34222
BA	Janja	76316	19.23651	44.66573
BA	Janjići	72215	17.95650	44.18220
BA	Jare	88224	17.64269	43.32690
BA	Jasenica	77247	18.61472	44.66917
BA	Javorani	78233	17.27215	44.59370
BA	Jelah	74264	17.88361	44.62112
BA	Jezero	70206	17.25398	44.42505
BA	Jezerski	77241	16.10475	45.00995
BA	Johova	79244	16.65840	45.18487
BA	Johovac	74214	18.02175	44.83400
BA	Nadinići	89249	18.46861	43.19528
BA	Nemila	72212	17.91300	44.29240
BA	Neum	88390	17.66212	42.92996
BA	Nevesinje	88280	18.05917	43.22140
BA	Nišići	71383	18.48625	44.12560
BA	Nova Bila	72276	17.78105	44.31735
BA	Nova Kasaba	75445	19.06580	44.25495
BA	Nova Topola	78418	17.31235	45.05005
BA	Novi Grad	74475	18.31778	45.09000
BA	Novi Šeher	74254	17.99286	44.51905
BA	Novi Travnik	72290	17.69685	44.16215
BA	Novo Selo	74457	17.38222	44.15472
BA	Nožičko	78428	17.49385	44.99975
BA	Oborci	70225	17.42950	44.22510
BA	Obudovac	76235	18.60990	44.95985
BA	Odžak	74470	18.23040	43.23085
BA	Odžak	80233	18.23040	43.23085
BA	Odžak	88285	18.23040	43.23085
BA	Okruglica	71334	17.67833	44.65361
BA	Olovo	71340	18.64959	44.12555
BA	Omarska	79203	16.85105	44.84235
BA	Opara	72293	17.61295	44.06460
BA	Orahova	78406	17.05550	45.18197
BA	Orahovica Donja	75323	18.38632	44.67010
BA	Orašje	76270	18.71017	45.01685
BA	Orguz	80206	16.79115	43.79434
BA	Osatica	75434	19.37090	44.01095
BA	Osinja	74412	17.86650	44.84975
BA	Osječani	74225	18.01680	44.73325
BA	Oštra Luka	76279	18.56738	44.99985
BA	Oštrelj	77258	16.40222	44.47806
BA	Ostrožac	88423	15.97045	44.86830
BA	Ostrožac	77228	15.97045	44.86830
BA	Otoka	77244	16.21577	45.00322
BA	Ozimica	72238	18.05475	44.47495
BA	Radišići	88325	17.53693	43.19545
BA	Rainci Gornji	75268	18.71765	44.41520
BA	Rakitno	88245	17.50454	43.58255
BA	Rakovica	71217	18.48302	43.71935
BA	Raško Polje	80247	17.16545	43.61057
BA	Ravno	88370	17.98020	42.86975
BA	Razboj Lijevc	78429	17.44660	45.09590
BA	Ražljevo	76218	18.10605	44.81510
BA	Rilić	80326	17.26444	43.91306
BA	Ripač	77215	16.00100	44.73182
BA	Rogatica	73220	19.00720	43.81780
BA	Rore	80235	16.65778	44.22278
BA	Rudice	79226	16.31865	44.94452
BA	Rudo	73260	19.34175	43.63255
BA	Ružići	88347	17.42390	43.33390
BA	Ugljevik	76330	19.02028	44.66361
BA	Ugodnovići	74278	17.70220	44.45205
BA	Ulice	76211	18.67861	44.05333
BA	Ulog	71233	18.30616	43.38778
BA	Uskoplje	70240	17.55525	43.92889
BA	Usora	74230	18.08755	44.68290
BA	Ustikolina	73250	18.79179	43.59671
BA	Ustiprača	73202	19.09011	43.73810
BA	Uvac	73265	19.44905	43.59100
BA	Žabar Donji	76273	17.56972	43.15556
BA	Zaborak	73287	19.20620	43.57915
BA	Zabrđe	76333	18.99865	44.72550
BA	Zalužani	78214	17.22840	44.82660
BA	Zavajt	73305	18.89130	43.40604
BA	Zavidovići	72220	18.16910	44.43090
BA	Zavoj	73305	18.89130	43.40604
BA	Zborište	77236	18.01000	45.06111
BA	Žegulja	88369	18.02056	43.02250
BA	Zelinja	76259	18.35179	44.83583
BA	Željezno Polje	72236	17.94554	44.44975
BA	Zenica	72000	17.90806	44.19434
BA	Zenica	72001	17.90806	44.19434
BA	Zenica	72101	17.90806	44.19434
BA	Zenica	72102	17.90806	44.19434
BA	Zenica	72104	17.90806	44.19434
BA	Zenica	72105	17.90806	44.19434
BA	Zenica	72106	17.90806	44.19434
BA	Zenica	72108	17.90806	44.19434
BA	Zenica	72109	17.90806	44.19434
BA	Zenica	72112	17.90806	44.19434
BA	Žepa	73226	19.11522	43.99085
BA	Žepce	72230	18.04110	44.41830
BA	Žitomislići	88268	17.82105	43.19715
BA	Živinice	75270	18.66500	44.43720
BA	Zovi Do	88286	18.23875	43.14905
BA	Župča	71373	18.31880	43.99655
BA	Zvornik	75400	19.10597	44.37455
BA	Babanovac	72286	17.62255	44.17160
BA	Babino	72207	18.04010	44.21370
BA	Banja Luka	78000	17.17380	44.74165
BA	Banja Vrućica	74273	17.90083	44.53708
BA	Banovići	75290	18.48059	44.31445
BA	Baraći	70267	16.96715	44.17036
BA	Batković	76312	19.21235	44.86277
BA	Begov Han	72233	18.03205	44.33960
BA	Begovača	76213	18.90750	44.76167
BA	Berkovići	88363	18.12819	43.07975
BA	Bihać	77000	15.87182	44.81369
BA	Bihać	77101	15.87182	44.81369
BA	Bihać	77103	15.87182	44.81369
BA	Bihać	77104	15.87182	44.81369
BA	Bihać	77105	15.87182	44.81369
BA	Bihać	77106	15.87182	44.81369
BA	Bijela	76204	18.55066	44.78267
BA	Bijeljina	76300	19.22040	44.76010
BA	Bijeljinsko suho Polje	76321	19.13140	44.70660
BA	Bijelo Brdo	73263	19.45590	43.66400
BA	Bila	72256	17.89055	44.12588
BA	Bilalovac	71253	18.00361	44.02361
BA	Bileća	89230	18.40244	42.88780
BA	Biletici Polje	88268	17.82105	43.19715
BA	Bilješevo	72248	18.01775	44.13505
BA	Bjelajce	70262	16.96915	44.35135
BA	Bjelimići	88407	18.25371	43.56487
BA	Blagaj	88201	16.45722	45.03056
BA	Blagaj	80329	16.45722	45.03056
BA	Blatnica	88263	17.85256	44.46257
BA	Blatnica	74275	17.85256	44.46257
BA	Blažuj	71215	17.22056	43.73194
BA	Blažuj	71271	17.22056	43.73194
BA	Bok	76277	18.60850	45.00158
BA	Boljanić	75322	18.21944	44.67778
BA	Boračko Jezero	88405	17.98480	43.53705
BA	Borike	73225	19.14898	43.84893
BA	Borojevići	88365	17.89131	43.10585
BA	Bosanska Dubica	79240	16.78320	45.16524
BA	Bosanska Gradiška	78400	17.26093	45.15504
BA	Bosanska Kostajnica	79224	16.53668	45.19317
BA	Bosanska Krupa	77240	16.11675	44.81485
BA	Bosanski Aleksandrovac	78255	17.31505	44.97455
BA	Bosanski Brod	74450	18.01380	45.11093
BA	Bosanski Crni Lukavac	80275	18.96389	44.79583
BA	Bosanski Dubočac	74414	17.87583	45.04500
BA	Bosanski Kobaš	78423	17.70081	45.08236
BA	Bosanski Novi	79220	16.42183	45.05005
BA	Bosanski Petrovac	77250	16.38015	44.55040
BA	Bosanski Šamac	76230	18.46565	45.04936
BA	Bosansko Grahovo	80270	16.41941	44.14828
BA	Bosansko Petrovo Selo	75325	18.36083	44.63000
BA	Bosansko Suho Polje	74221	18.80000	43.65528
BA	Bradina	88408	18.02891	43.73795
BA	Bratunac	75420	19.28624	44.21375
BA	Bravsko	77256	16.57833	44.55000
BA	Brčko	76000	18.80975	44.87271
BA	Brčko	76120	18.80975	44.87271
BA	Brekovica	77205	15.89055	44.87145
BA	Brestovsko	71255	18.00661	43.97885
BA	Breza	71370	18.30640	44.07205
BA	Brezičani	79208	16.64375	45.00920
BA	Brezovo Polje	76216	18.95484	44.78895
BA	Brijesnica	74206	17.92390	44.76661
BA	Brka	76206	18.70155	44.84360
BA	Brnjic	72243	18.16350	44.24835
BA	Bročanac	88243	17.43355	43.48185
BA	Brod	76217	18.72690	43.44365
BA	Brod	73309	18.72690	43.44365
BA	Brodac	76313	19.31484	44.86365
BA	Bronzani Majdan	78204	16.87770	44.74480
BA	Brštanica	88393	17.77583	42.99667
BA	Brusnica Velika	74459	18.18917	45.06583
BA	Bučići	72295	17.43005	44.32851
BA	Budimlić Japra	79269	16.46370	44.84902
BA	Bugojno	70230	17.42010	44.06460
BA	Bukinje	75203	18.59065	44.52535
BA	Bukvik	76203	18.66265	44.79847
BA	Buletić	74277	17.67900	44.54645
BA	Buna	88202	17.83870	43.25375
BA	Bunar	74416	18.27500	43.65417
BA	Burmazi	88366	17.94171	42.98305
BA	Busovača	72260	17.86265	44.07763
BA	Buturović Polje	88409	18.38784	43.51982
BA	Bužim	77245	16.08730	45.09180
BA	Čajniče	73280	19.09245	43.54245
BA	Čapljina	88300	17.69003	43.13100
BA	Čardak	72224	18.19040	44.34905
BA	Careva Ćuprija	71347	18.62631	44.04306
BA	Ćatići	72246	18.10080	44.10355
BA	Cazin	77220	15.96200	44.95645
BA	Čečava	74274	17.72483	44.67550
BA	Čelebić	80211	16.66926	43.93525
BA	Čelebići	88404	19.01145	43.35140
BA	Čelebići	73307	19.01145	43.35140
BA	Čelić	75246	18.79883	44.72101
BA	Čelinac	78240	17.33215	44.71960
BA	Čemerno	89243	18.61922	43.25000
BA	Cerik	76215	18.68276	44.53560
BA	Čerin	88265	17.62276	43.27520
BA	Cerovljani	78403	17.19220	45.05950
BA	Cim	88106	17.77722	43.35278
BA	Čitluk	88260	17.72635	43.24435
BA	Ćoralići	77226	15.88200	44.97850
BA	Crkvina	76239	18.44589	45.01422
BA	Crnići	88367	17.85658	43.14990
BA	Crnjelovo	76328	19.12830	44.87540
BA	Dejčići	71221	18.33972	43.68861
BA	Delijaš	71223	18.53472	43.68806
BA	Demirovac	79243	16.92288	45.21690
BA	Derventa	74400	18.80803	44.22566
BA	Derventa	75444	18.80803	44.22566
BA	Divičani	70204	17.35105	44.36655
BA	Divin	89233	18.29870	43.03575
BA	Doboj	74000	18.09845	44.73325
BA	Doborovci	75328	18.38420	44.74565
BA	Dobretići	78236	17.42865	44.41368
BA	Dobrljin	79223	16.49998	45.12565
BA	Dobro Polje	71232	18.51085	43.57610
BA	Dobro Selo	77242	16.37972	44.56000
BA	Dobrun	73247	19.38168	43.77415
BA	Dokanj	75206	18.70620	44.60720
BA	Dolac na Lašvi	72278	17.66675	44.21565
BA	Domaljevac	76233	18.58083	45.06278
BA	Domanovići	88305	17.76845	43.09640
BA	Donja Dubica	74473	18.41139	45.07500
BA	Donja Mahala	76274	18.67049	45.06379
BA	Donja Međiđa	76257	18.39330	44.80860
BA	Donja Slatina	76237	17.72056	43.70083
BA	Donje Moštre	71305	18.16155	44.03115
BA	Donji Agići	79228	16.46085	44.94126
BA	Donji Kamengrad	79266	16.59940	44.73610
BA	Donji Mamići	88343	17.51030	43.31505
BA	Donji Svilaj	74477	18.27306	45.11028
BA	Donji Vakuf	70220	17.38975	44.13695
BA	Donji Vijačani	78432	17.64415	44.77310
BA	Donji Vrbljani	79289	16.78850	44.29761
BA	Dragaljevac	76323	19.07885	44.80251
BA	Dragalovci	74209	17.76435	44.75295
BA	Dragočaj	78215	17.11315	44.85495
BA	Drežnica	88215	17.78450	43.53390
BA	Drinjača	75410	19.20210	44.25547
BA	Drinovci	88344	17.32037	43.34650
BA	Drinsko	73244	19.31315	43.72695
BA	Drvar	80260	16.51126	44.32690
BA	Drvetine	70237	17.45028	44.10250
BA	Duboki Potok	75358	18.68406	44.66743
BA	Duboštica	75308	18.38504	44.25189
BA	Dubrave	78411	17.26460	45.10360
BA	Dubrave Donje	75274	18.68740	44.48445
BA	Dubrave Gornje	75273	18.74910	44.47185
BA	Dugo Polje	74483	18.16510	44.97560
BA	Ðurđevik	75272	18.62465	44.37110
BA	Duži	89202	18.28062	42.67404
BA	Dužice	88342	17.52365	43.37485
BA	Dvorovi	76311	19.31034	44.76950
BA	Gabela	88306	17.66026	43.06361
BA	Gacko	89240	18.52345	43.22190
BA	Galeši	78203	17.01435	44.77310
BA	Garevac	74484	18.34645	44.91716
BA	Glamoč	80230	16.82769	44.14272
BA	Glavatičevo	88406	18.11420	43.53938
BA	Glavičice	76318	19.19265	44.60585
BA	Globarica	74258	18.17420	44.50330
BA	Glogošnica	88422	17.76361	43.62056
BA	Gnojnica	75309	18.44667	44.62056
BA	Godjeno	73303	18.89970	43.47830
BA	Gojevići	71275	17.89550	43.86139
BA	Goražde	73000	19.00169	43.69599
BA	Goražde	73101	19.00169	43.69599
BA	Gornja Koprivna	77222	15.94455	45.03200
BA	Gornja Slatina	76238	18.46760	44.94843
BA	Gornja Tuzla	75208	18.75861	44.56369
BA	Gornje Živinice	75271	18.60295	44.42460
BA	Gornji Podgradci	78405	17.01380	45.06265
BA	Gornji Rahić	76207	18.69260	44.79640
BA	Gornji Ribnik	79288	16.80725	44.42685
BA	Gornji Štrpci	78439	17.67612	44.99660
BA	Gornji Teslić	74272	17.78090	44.55590
BA	Gornji Vakuf	70240	17.55525	43.92889
BA	Gornji Zovik	76214	18.71010	44.74425
BA	Grab	89201	18.46535	42.62655
BA	Grabovica	78227	17.46100	44.50560
BA	Gračac	88443	17.60300	43.70075
BA	Gračanica	70233	18.31750	44.69845
BA	Gračanica	75320	18.31750	44.69845
BA	Gračanica Selo	75276	18.79210	44.38468
BA	Gradac	88392	18.21175	42.94445
BA	Gradačac	76250	18.43368	44.87469
BA	Grapska	74223	18.07139	44.79972
BA	Grebnice	76234	18.56426	45.05335
BA	Grude	88340	17.41550	43.40945
BA	Guber	88205	17.08028	43.69611
BA	Gubin	80212	16.65194	43.94972
BA	Guča Gora	72277	17.74573	44.27545
BA	Gušteri	75404	19.02675	44.39345
BA	Kačuni	72264	17.74930	44.11175
BA	Kakanj	72240	18.10975	44.16020
BA	Kalenderovci	74413	17.84752	44.93470
BA	Kalesija	75260	18.88995	44.46931
BA	Kalinovik	71230	18.46675	43.43972
BA	Kaljina	71355	18.84715	44.06327
BA	Kalošević	74268	17.82518	44.67671
BA	Kamenica	77204	16.27399	44.35784
BA	Kaonik	72265	17.75720	44.03625
BA	Karadže	70235	17.43056	44.06944
BA	Karaula	72284	17.53900	44.15900
BA	Kasindo	71213	18.41695	43.81065
BA	Kazaginac	80246	17.02655	43.61085
BA	Kifino Selo	88283	18.25255	43.32695
BA	Kijevo	71222	18.41830	43.76975
BA	Kiseljak	75211	18.11725	43.93814
BA	Kiseljak	71250	18.11725	43.93814
BA	Kladanj	75280	18.65385	44.20576
BA	Ključ	79280	16.74633	44.54356
BA	Klobuk	88324	17.42785	43.25210
BA	Klokotnica	74207	18.17581	44.73204
BA	Knežica	79246	16.64895	45.10045
BA	Knežina	71356	18.74210	44.05089
BA	Kobilja Glava	71323	18.38917	43.88194
BA	Kočerin	88226	17.51881	43.46198
BA	Kočićevo	78409	17.11245	45.07840
BA	Kola	78207	17.05750	44.67865
BA	Kolibe Gornje	74454	18.02750	45.08500
BA	Kongora	80244	17.39542	43.71805
BA	Konjic	88400	18.02450	43.68233
BA	Konjoder	77249	16.02000	45.01625
BA	Koprivna	74489	18.19100	44.89060
BA	Koraće	74456	17.93472	45.06306
BA	Koraj	75247	18.86314	44.71382
BA	Kornica	76236	18.41805	44.94730
BA	Kosova	74253	18.04986	44.61975
BA	Kostajnica	74222	18.10125	44.76790
BA	Kostrč	76276	18.66205	45.02315
BA	Kotor Varoš	78220	17.40565	44.60625
BA	Kotorsko	74215	18.10625	44.86230
BA	Kovači	72226	18.35337	44.43285
BA	Kozarac	79202	16.84810	44.98085
BA	Kozja Luka	73314	18.65845	43.54806
BA	Kozluk	75413	19.09464	44.49415
BA	Kraljeva Sutjeska	72244	18.21070	44.17275
BA	Krasulje	79284	16.79395	44.64800
BA	Kravica	75422	19.38958	44.11960
BA	Krepšić	76212	18.70067	44.91283
BA	Kreševo	71260	18.06911	43.87296
BA	Kriškovci	78256	17.43920	44.93990
BA	Krnjeuša	77253	16.22694	44.69000
BA	Krupa na Vrbasu	78206	17.12730	44.58425
BA	Kruščica	72253	18.79889	43.45917
BA	Kruševo	88203	17.87590	43.04605
BA	Kruševo Brdo	78226	17.64973	44.37855
BA	Kukulje	78424	17.38305	45.01550
BA	Kulaši	78443	17.71060	44.77310
BA	Kulen Vakuf	77206	16.13282	44.59438
BA	Kulina	74415	18.16528	43.58528
BA	Kupres	80320	17.19721	44.01402
BA	Laktaši	78250	17.28315	44.91160
BA	Laminci-Sređani	78407	17.36710	45.10990
BA	Lastva	89208	18.50319	42.69265
BA	Lašva	72216	17.95180	44.11427
BA	Lepenica	71254	18.07519	44.00180
BA	Liješće	74453	18.09268	45.08810
BA	Liplje	78222	17.54770	44.62515
BA	Lipnica	75213	18.63090	44.58515
BA	Lišnja	78434	17.58945	44.89900
BA	Lištani	80204	16.56064	44.04070
BA	Livno	80101	17.04305	43.95095
BA	Ljubače	75214	18.62995	44.47815
BA	Ljubija	79206	16.60295	44.91773
BA	Ljubinje	88380	18.05111	42.93074
BA	Ljubomir	89209	18.22860	42.84573
BA	Ljubuški	88320	17.50966	43.16139
BA	Ljuti Dolac	88223	17.74515	43.30730
BA	Lončari	76278	18.67002	44.93867
BA	Lopare	75240	18.84278	44.63778
BA	Lozna	75293	18.33000	44.43944
BA	Lukavac	75300	18.53335	44.54735
BA	Lukavac Mjesto	75301	18.53335	44.54735
BA	Lukavica	75327	18.22828	44.80453
BA	Lupljanica	74411	17.86097	44.91688
BA	Lušci Palanka	79267	16.36850	44.72040
BA	Lusnić	80203	16.84640	43.92895
BA	Maglaj	74250	18.10370	44.53426
BA	Majevac	74216	18.00455	44.94415
BA	Mala Kladuša	77235	15.84220	45.10755
BA	Malešići	75326	18.31320	44.76140
BA	Maoča	76208	18.55000	44.72000
BA	Martin Brod	80265	16.14111	44.48833
BA	Mašići	78410	17.24035	44.99345
BA	Maslovare	78223	17.54630	44.55275
BA	Matići	76271	18.67510	44.98570
BA	Matuzići	74203	18.06646	44.66315
BA	Međeđa	75269	19.17626	43.74900
BA	Međeđa	73242	19.17626	43.74900
BA	Međiđa Donja	76257	18.39330	44.80860
BA	Međugorje	88266	17.68254	43.19715
BA	Međurječje	73285	19.11585	43.65023
BA	Međuvođe	79247	16.79575	45.07210
BA	Mehurići	72282	17.93608	44.03951
BA	Memići	75267	18.94587	44.44141
BA	Mesići	73228	18.98920	43.75197
BA	Mesihovina	80243	17.34030	43.59972
BA	Milići	75446	19.09570	44.10477
BA	Miljeno	73283	19.04535	43.59160
BA	Miljevina	73313	18.61020	43.47830
BA	Miloševac	74485	18.38305	44.98190
BA	Miričina	75329	18.38745	44.60720
BA	Modriča	74480	18.28960	44.93470
BA	Mokro	71428	18.60943	43.91220
BA	Mosko	89204	18.33802	42.77135
BA	Mostar	88000	17.80834	43.34029
BA	Mostar	88103	17.80834	43.34029
BA	Mostar	88104	17.80834	43.34029
BA	Mostar	88108	17.80834	43.34029
BA	Mostar	88110	17.80834	43.34029
BA	Mramor	75212	18.58205	44.57570
BA	Mravinjac	73206	18.89635	43.68068
BA	Mrkonjić Grad	70260	17.07665	44.48040
BA	Pajić Polje	70243	17.70800	43.97325
BA	Paklenica	74255	18.13601	44.61359
BA	Palackovci	78437	17.74661	44.86846
BA	Pale	71420	18.55893	43.83355
BA	Paprača	75453	18.94778	44.33611
BA	Pazaric	71243	18.15970	43.74433
BA	Peći	77273	19.44139	43.96889
BA	Peći	80273	19.44139	43.96889
BA	Pećigrad	77227	15.87775	45.05405
BA	Pelagićevo	76256	18.57200	44.88554
BA	Pilica	75412	19.11851	44.57283
BA	Piskavica	78217	16.98035	44.87385
BA	Pištaline	77248	16.12170	44.90610
BA	Plana	89235	18.44455	43.02630
BA	Pljeva	70275	17.16553	44.14844
BA	Počulica	72252	17.83998	44.18306
BA	Podgrab	71425	18.65825	43.75963
BA	Podhum	80209	16.93630	43.69108
BA	Podlugovi	71387	18.24825	43.95517
BA	Podnovlje	74217	18.10685	44.95675
BA	Podorašac	88403	17.98444	43.69778
BA	Podorašje	75355	18.60055	44.67090
BA	Podrašnica	70266	16.92575	44.41425
BA	Podvelež	88206	17.90167	43.31194
BA	Podzvizd	77232	15.88260	45.18231
BA	Pokoj	77209	15.87944	44.85361
BA	Polje Bijela	88402	17.97222	43.63333
BA	Poljice	75303	18.05887	42.78806
BA	Poljice	89206	18.05887	42.78806
BA	Posušje	88240	17.30760	43.49445
BA	Potočani	80201	17.51750	44.87070
BA	Potočani	78435	17.51750	44.87070
BA	Potočari	75433	19.24950	44.15420
BA	Potoci	88208	17.91194	43.47095
BA	Prača	73290	18.76715	43.79630
BA	Prekaja	80263	16.51611	44.32417
BA	Prelevo	73245	19.24193	43.89379
BA	Preodac	80274	16.58000	44.21000
BA	Pribinić	74276	17.67535	44.62200
BA	Priboj	75249	18.90955	44.59205
BA	Pridvorci	88288	18.10385	43.38508
BA	Prijedor	79000	16.72785	44.98400
BA	Priluka	80202	16.95235	43.96040
BA	Prisoje	80245	17.10565	43.68975
BA	Prnjavor	78430	17.66810	44.85495
BA	Prokosovići	75304	18.48900	44.51590
BA	Prolog	88204	17.70123	43.41115
BA	Prozor-Rama	88440	17.59905	43.81352
BA	Prusac	70223	17.32561	44.05195
BA	Puhovac	72207	18.04010	44.21370
BA	Pupovac	78242	17.46100	44.70385
BA	Puračić	75305	18.45257	44.56625
BA	Salakovac	88213	17.58252	43.53390
BA	Sanica Gornja	79285	16.59755	44.60712
BA	Sanski Most	79260	16.71009	44.80517
BA	Sapna	75411	18.97876	44.52479
BA	Saračica	78202	17.10320	44.76680
BA	Sarajevo	71000	18.41342	43.85643
BA	Sarajevo	71101	18.41342	43.85643
BA	Sarajevo	71101	18.41342	43.85643
BA	Sarajevo	71103	18.41342	43.85643
BA	Sarajevo	71104	18.41342	43.85643
BA	Sarajevo	71106	18.41342	43.85643
BA	Sarajevo	71107	18.41342	43.85643
BA	Sarajevo	71108	18.41342	43.85643
BA	Sarajevo	71120	18.41342	43.85643
BA	Sarajevo	71120	18.41342	43.85643
BA	Sarajevo	71122	18.41342	43.85643
BA	Sarajevo	71122	18.41342	43.85643
BA	Sarajevo	71122	18.41342	43.85643
BA	Sarajevo	71123	18.41342	43.85643
BA	Sarajevo	71124	18.41342	43.85643
BA	Sarajevo	71125	18.41342	43.85643
BA	Sarajevo	71140	18.41342	43.85643
BA	Sarajevo	71141	18.41342	43.85643
BA	Sarajevo	71142	18.41342	43.85643
BA	Sarajevo	71160	18.41342	43.85643
BA	Sarajevo	71161	18.41342	43.85643
BA	Sarajevo	71162	18.41342	43.85643
BA	Sarajevo	71163	18.41342	43.85643
BA	Sarajevo	71166	18.41342	43.85643
BA	Sarajevo	71166	18.41342	43.85643
BA	Sarajevo	71167	18.41342	43.85643
BA	Sarajevo	71211	18.41342	43.85643
BA	Sarajevo	71219	18.41342	43.85643
BA	Šatorovići	76209	18.79445	44.77701
BA	Šćipe	88446	17.79365	43.81090
BA	Šćit	88445	17.45498	43.75361
BA	Šekovići	75450	18.82415	44.31155
BA	Semizovac	71321	18.30430	43.92030
BA	Seonjaci	76205	18.60825	44.80096
BA	Šerići	75275	18.55025	44.43090
BA	Šibošnica	75245	18.80365	44.66087
BA	Šibovska	78433	17.70107	44.92730
BA	Sijekovac	74458	17.97861	45.11667
BA	Simin Han	75207	18.75835	44.52850
BA	Šipovo	70270	17.06788	44.26005
BA	Šiprage	78224	17.57955	44.46780
BA	Široki Brijeg	88220	17.62893	43.40950
BA	Sitneši	78422	17.57515	45.02175
BA	Sitnica	79283	16.96159	44.52130
BA	Sjenina	74212	18.16389	44.80694
BA	Skelani	75436	19.54109	44.00925
BA	Skender Vakuf	78230	17.30620	44.49279
BA	Sladna	75353	18.42417	44.72944
BA	Slatina	74271	17.80385	44.63118
BA	Slatina Ilidža	78253	17.32565	44.82345
BA	Šljedovići	73230	19.07028	43.74472
BA	Snrtici	71357	18.95605	43.95315
BA	Sokolac	88345	17.31874	43.41260
BA	Sokolović Kolonija	71218	18.31583	43.81111
BA	Sokolovići	71357	18.95605	43.95315
BA	Sovići	88345	17.31874	43.41260
BA	Špionica	75356	18.49708	44.73625
BA	Srbac	78420	17.55420	45.09331
BA	Srebrenica	75430	19.24850	44.02735
BA	Srebrenik	75350	18.53450	44.70790
BA	Srednje	71385	18.47505	44.00042
BA	Sreflije	79249	16.91665	45.08785
BA	Srnice	76258	18.48474	44.79290
BA	Srtgacina	73267	19.23385	43.67655
BA	Stanari	74208	17.81750	44.75525
BA	Stara Dubra	78243	17.52505	44.77310
BA	Stari Majdan	79268	16.60080	44.83641
BA	Stari Vitez	72251	17.76778	44.12167
BA	Staro Selo	80237	16.10861	44.61250
BA	Stijena	77224	16.01975	44.87775
BA	Stjenice	73223	19.02985	43.89330
BA	Stjepan Polje	75324	18.25105	44.72268
BA	Stolac	88360	17.97756	43.08070
BA	Stranjani	72209	17.99645	44.27350
BA	Stričići	78208	16.94004	44.62205
BA	Stroice	70273	17.22770	44.30695
BA	Studenci Ljub	88323	17.59900	43.14866
BA	Stupari	75283	18.65005	44.29555
BA	Šturlić	77223	15.78999	45.06645
BA	Šuica	80249	17.27018	43.87860
BA	Šumatac	77234	15.85750	45.09889
BA	Svodna	79229	16.54595	45.03745
BA	Tarčin	71244	18.10295	43.75177
BA	Teočak	76337	18.98056	44.60417
BA	Teočak	75414	18.98056	44.60417
BA	Tešanj	74260	17.98465	44.59140
BA	Tešanjka	74266	17.96683	44.68583
BA	Teslić	74270	17.84645	44.55611
BA	Tihaljina	88348	17.36314	43.28521
BA	Tinja	75357	18.51195	44.64495
BA	Tišča	75455	18.93390	44.25495
BA	Tjentište	73311	18.66105	43.34399
BA	Todorovo	77233	15.94920	45.10440
BA	Tojšići	75265	18.82860	44.47185
BA	Tolisa	76272	18.61315	45.05683
BA	Tomina	79265	16.73946	44.71095
BA	Tomislavgrad	80240	17.24655	43.74325
BA	Topcic Polje	72213	17.88240	44.36795
BA	Torlakovac	70224	17.31472	44.22861
BA	Tramošnica	76255	17.35833	43.92139
BA	Travnik	72270	17.67554	44.30519
BA	Travnik	72273	17.67554	44.30519
BA	Travnik	72274	17.67554	44.30519
BA	Trebinje	89104	18.34417	42.71194
BA	Trn	78252	17.24245	44.88640
BA	Trnava Donj	76335	19.10885	44.62831
BA	Trnjaci	76310	18.93383	44.80809
BA	Trnovo	71220	18.48464	43.63454
BA	Tržačka Raštela	77225	15.79167	44.98475
BA	Turbe	72283	17.53970	44.27423
BA	Turić	76253	18.52306	44.87917
BA	Turija	75306	18.35024	44.50650
BA	Turjak	78404	17.11965	44.98715
BA	Tuzla	75000	18.67920	44.55365
BA	Tuzla	75101	18.67920	44.55365
BA	Tuzla	75103	18.67920	44.55365
BA	Tuzla	75104	18.67920	44.55365
BA	Tuzla	75105	18.67920	44.55365
BA	Tuzla	75106	18.67920	44.55365
BA	Tuzla	75107	18.67920	44.55365
BA	Tuzla	75108	18.67920	44.55365
BA	Tuzla	75109	18.67920	44.55365
BA	Vardište	73249	19.45509	43.73010
BA	Vareš	71330	18.32935	44.14765
BA	Vareš Majdan	71333	18.27705	44.17905
BA	Varoška Rije	77243	16.02699	45.13585
BA	Vasiljevci	75307	18.32556	44.56861
BA	Velika Bukovica	74213	18.00380	44.77415
BA	Velika Gata	77207	15.83255	44.93440
BA	Velika Kladuša	77230	15.81467	45.16001
BA	Velika Obarska	76329	19.15415	44.79785
BA	Veliki Cvjetnić	80267	16.15944	44.43056
BA	Vesela	70234	17.42472	44.03417
BA	Vidoši	80208	17.08965	43.79360
BA	Vidovice	76275	18.74954	44.96705
BA	Vinac	70202	17.28813	44.22820
BA	Vinska	74455	18.09472	45.06500
BA	Vir	88247	17.17752	43.52032
BA	Višegrad	73240	19.27166	43.82135
BA	Višići	88307	17.75080	43.01770
BA	Visoko	71300	18.17445	43.95241
BA	Vitez	72250	17.79790	44.17475
BA	Vitina	88326	17.52550	43.25210
BA	Vitkovci Donji	74265	17.86950	44.68350
BA	Vitkovići	73205	18.95270	43.64810
BA	Vlasenica	75440	18.92925	44.16282
BA	Vogošća	71320	18.40490	43.92710
BA	Voljevac	70246	17.69440	43.86965
BA	Voljice	70247	17.51917	43.90889
BA	Vozuća	72227	18.36195	44.35914
BA	Vranjak	74487	18.23140	44.96620
BA	Vrapčići	88113	17.86417	43.37806
BA	Vražići	75248	18.73618	44.71095
BA	Vrbanja	78211	17.25290	44.73220
BA	Vrbanjci	78225	17.41395	44.56220
BA	Vrbaška	78408	17.13075	45.13047
BA	Vrnograč	77231	15.97909	45.17994
BA	Vršani	76325	19.01685	44.80598
BA	Vrsta	77203	15.80620	44.89035
BA	Vrtoče	77254	16.17765	44.68265
BA	Vučkovci	76254	18.50599	44.83899
