DK	Aakirkeby	3720	14.9198	55.0708
DK	Albertslund	2620	12.3638	55.6569
DK	Albertslund	2620	12.3638	55.6569
DK	Allerød	3450	12.3574	55.8703
DK	Allerød	3450	12.3574	55.8703
DK	Allerød	3450	12.3574	55.8703
DK	Allinge	3770	14.8024	55.2759
DK	Ålsgårde	3140	12.54	56.0756
DK	Bagsværd	2880	12.4679	55.7618
DK	Bagsværd	2880	12.4679	55.7618
DK	Bagsværd	2880	12.4679	55.7618
DK	Ballerup	2750	12.3633	55.7316
DK	Ballerup	2750	12.3633	55.7316
DK	Ballerup	2750	12.3633	55.7316
DK	Birkerød	3460	12.4279	55.8476
DK	Birkerød	3460	12.4279	55.8476
DK	Birkerød	3460	12.4279	55.8476
DK	Brøndby	2605	12.41	55.6503
DK	Brøndby Strand	2660	12.35	55.6167
DK	Brøndby Strand	2660	12.35	55.6167
DK	Brønshøj	2700	12.4964	55.7057
DK	Charlottenlund	2920	12.5918	55.7537
DK	Dragør	2791	12.6664	55.5945
DK	Dragør	2791	12.6664	55.5945
DK	Dronningmølle	3120	12.3852	56.0949
DK	Dyssegård	2870	12.494	55.7728
DK	Espergærde	3060	12.5667	56
DK	Espergærde	3060	12.5667	56
DK	Farum	3520	12.3607	55.8086
DK	Farum	3520	12.3607	55.8086
DK	Farum	3520	12.3607	55.8086
DK	Fredensborg	3480	12.4031	55.9756
DK	Fredensborg	3480	12.4031	55.9756
DK	Fredensborg	3480	12.4031	55.9756
DK	Frederiksberg	1800	12.5346	55.6794
DK	Frederiksberg	1801	12.5346	55.6794
DK	Frederiksberg	1802	12.5346	55.6794
DK	Frederiksberg	1803	12.5346	55.6794
DK	Frederiksberg	1804	12.5346	55.6794
DK	Frederiksberg	1805	12.5346	55.6794
DK	Frederiksberg	1806	12.5346	55.6794
DK	Frederiksberg	1807	12.5346	55.6794
DK	Frederiksberg	1808	12.5346	55.6794
DK	Frederiksberg	1809	12.5346	55.6794
DK	Frederiksberg	1810	12.5346	55.6794
DK	Frederiksberg	1810	12.5346	55.6794
DK	Frederiksberg	1811	12.5346	55.6794
DK	Frederiksberg	1812	12.5346	55.6794
DK	Frederiksberg	1813	12.5346	55.6794
DK	Frederiksberg	1814	12.5346	55.6794
DK	Frederiksberg	1815	12.5346	55.6794
DK	Frederiksberg	1816	12.5346	55.6794
DK	Frederiksberg	1817	12.5346	55.6794
DK	Frederiksberg	1818	12.5346	55.6794
DK	Frederiksberg	1819	12.5346	55.6794
DK	Frederiksberg	1820	12.5346	55.6794
DK	Frederiksberg	1822	12.5346	55.6794
DK	Frederiksberg	1823	12.5346	55.6794
DK	Frederiksberg	1824	12.5346	55.6794
DK	Frederiksberg	1825	12.5346	55.6794
DK	Frederiksberg	1826	12.5346	55.6794
DK	Frederiksberg	1827	12.5346	55.6794
DK	Frederiksberg	1828	12.5346	55.6794
DK	Frederiksberg	1829	12.5346	55.6794
DK	Frederiksberg	1850	12.5346	55.6794
DK	Frederiksberg	1851	12.5346	55.6794
DK	Frederiksberg	1852	12.5346	55.6794
DK	Frederiksberg	1853	12.5346	55.6794
DK	Frederiksberg	1854	12.5346	55.6794
DK	Frederiksberg	1855	12.5346	55.6794
DK	Frederiksberg	1856	12.5346	55.6794
DK	Frederiksberg	1857	12.5346	55.6794
DK	Frederiksberg	1860	12.5346	55.6794
DK	Frederiksberg	1861	12.5346	55.6794
DK	Frederiksberg	1862	12.5346	55.6794
DK	Frederiksberg	1863	12.5346	55.6794
DK	Frederiksberg	1864	12.5346	55.6794
DK	Frederiksberg	1865	12.5346	55.6794
DK	Frederiksberg	1866	12.5346	55.6794
DK	Frederiksberg	1867	12.5346	55.6794
DK	Frederiksberg	1868	12.5346	55.6794
DK	Frederiksberg	1870	12.5346	55.6794
DK	Frederiksberg	1871	12.5346	55.6794
DK	Frederiksberg	1872	12.5346	55.6794
DK	Frederiksberg	1873	12.5346	55.6794
DK	Frederiksberg	1874	12.5346	55.6794
DK	Frederiksberg	1875	12.5346	55.6794
DK	Frederiksberg	1876	12.5346	55.6794
DK	Frederiksberg	1877	12.5346	55.6794
DK	Frederiksberg	1878	12.5346	55.6794
DK	Frederiksberg	1879	12.5346	55.6794
DK	Frederiksberg	1900	12.5346	55.6794
DK	Frederiksberg	1901	12.5346	55.6794
DK	Frederiksberg	1902	12.5346	55.6794
DK	Frederiksberg	1903	12.5346	55.6794
DK	Frederiksberg	1904	12.5346	55.6794
DK	Frederiksberg	1905	12.5346	55.6794
DK	Frederiksberg	1906	12.5346	55.6794
DK	Frederiksberg	1908	12.5346	55.6794
DK	Frederiksberg	1909	12.5346	55.6794
DK	Frederiksberg	1910	12.5346	55.6794
DK	Frederiksberg	1911	12.5346	55.6794
DK	Frederiksberg	1912	12.5346	55.6794
DK	Frederiksberg	1913	12.5346	55.6794
DK	Frederiksberg	1914	12.5346	55.6794
DK	Frederiksberg	1915	12.5346	55.6794
DK	Frederiksberg	1916	12.5346	55.6794
DK	Frederiksberg	1917	12.5346	55.6794
DK	Frederiksberg	1920	12.5346	55.6794
DK	Frederiksberg	1921	12.5346	55.6794
DK	Frederiksberg	1922	12.5346	55.6794
DK	Frederiksberg	1923	12.5346	55.6794
DK	Frederiksberg	1924	12.5346	55.6794
DK	Frederiksberg	1925	12.5346	55.6794
DK	Frederiksberg	1926	12.5346	55.6794
DK	Frederiksberg	1927	12.5346	55.6794
DK	Frederiksberg	1928	12.5346	55.6794
DK	Frederiksberg	1950	12.5346	55.6794
DK	Frederiksberg	1951	12.5346	55.6794
DK	Frederiksberg	1952	12.5346	55.6794
DK	Frederiksberg	1953	12.5346	55.6794
DK	Frederiksberg	1954	12.5346	55.6794
DK	Frederiksberg	1955	12.5346	55.6794
DK	Frederiksberg	1956	12.5346	55.6794
DK	Frederiksberg	1957	12.5346	55.6794
DK	Frederiksberg	1958	12.5346	55.6794
DK	Frederiksberg	1959	12.5346	55.6794
DK	Frederiksberg	1960	12.5346	55.6794
DK	Frederiksberg	1961	12.5346	55.6794
DK	Frederiksberg	1962	12.5346	55.6794
DK	Frederiksberg	1963	12.5346	55.6794
DK	Frederiksberg	1964	12.5346	55.6794
DK	Frederiksberg	1965	12.5346	55.6794
DK	Frederiksberg	1966	12.5346	55.6794
DK	Frederiksberg	1967	12.5346	55.6794
DK	Frederiksberg	1970	12.5346	55.6794
DK	Frederiksberg	1971	12.5346	55.6794
DK	Frederiksberg	1972	12.5346	55.6794
DK	Frederiksberg	1973	12.5346	55.6794
DK	Frederiksberg	1974	12.5346	55.6794
DK	Frederiksberg	2000	12.5346	55.6794
DK	Frederiksberg	2000	12.5346	55.6794
DK	Frederikssund	3600	12.069	55.8396
DK	Frederikssund	3600	12.069	55.8396
DK	Frederikssund	3600	12.069	55.8396
DK	Frederiksværk	3300	12.0225	55.9707
DK	Frederiksværk	3300	12.0225	55.9707
DK	Gentofte	2820	12.546	55.749
DK	Gentofte	2820	12.546	55.749
DK	Gilleleje	3250	12.3106	56.122
DK	Glostrup	2600	12.4	55.6667
DK	Glostrup	2600	12.4	55.6667
DK	Glostrup	2600	12.4	55.6667
DK	Gørløse	3330	12.1982	55.8852
DK	Græsted	3230	12.2851	56.0656
DK	Græsted	3230	12.2851	56.0656
DK	Græsted	3230	12.2851	56.0656
DK	Gudhjem	3760	14.9713	55.2105
DK	Gudhjem	3760	14.9713	55.2105
DK	Hasle	3790	14.7112	55.1821
DK	Hedehusene	2640	12.1936	55.647
DK	Hedehusene	2640	12.1936	55.647
DK	Hellebæk	3150	12.5578	56.0682
DK	Hellerup	2900	12.5709	55.732
DK	Hellerup	2900	12.5709	55.732
DK	Helsinge	3200	12.1975	56.0228
DK	Helsinge	3200	12.1975	56.0228
DK	Helsingør	3000	12.6136	56.0361
DK	Herlev	2730	12.44	55.7237
DK	Herlev	2730	12.44	55.7237
DK	Herlev	2730	12.44	55.7237
DK	Herlev	2730	12.44	55.7237
DK	Hillerød	3400	12.3109	55.9267
DK	Hillerød	3400	12.3109	55.9267
DK	Hillerød	3400	12.3109	55.9267
DK	Høje Taastrup	800	12.2742	55.6471
DK	Holte	2840	12.4667	55.8167
DK	Holte	2840	12.4667	55.8167
DK	Hornbæk	3100	12.4505	56.0854
DK	Hornbæk	3100	12.4505	56.0854
DK	Hørsholm	2970	12.5	55.8833
DK	Hørsholm	2970	12.5	55.8833
DK	Hørsholm	2970	12.5	55.8833
DK	Humlebæk	3050	12.5341	55.9618
DK	Humlebæk	3050	12.5341	55.9618
DK	Hundested	3390	11.8667	55.9667
DK	Hvidovre	2650	12.4736	55.6572
DK	Hvidovre	2650	12.4736	55.6572
DK	Ishøj	2635	12.3518	55.6154
DK	Jægerspris	3630	11.9679	55.8554
DK	Kastrup	2770	12.6489	55.6352
DK	Kastrup	2770	12.6489	55.6352
DK	Klampenborg	2930	12.5901	55.7763
DK	Klampenborg	2930	12.5901	55.7763
DK	Klemensker	3782	14.8099	55.1727
DK	København	1000	12.5655	55.6759
DK	København	1050	12.5655	55.6759
DK	København	1051	12.5655	55.6759
DK	København	1052	12.5655	55.6759
DK	København	1053	12.5655	55.6759
DK	København	1054	12.5655	55.6759
DK	København	1055	12.5655	55.6759
DK	København	1056	12.5655	55.6759
DK	København	1057	12.5655	55.6759
DK	København	1058	12.5655	55.6759
DK	København	1059	12.5655	55.6759
DK	København	1060	12.5655	55.6759
DK	København	1061	12.5655	55.6759
DK	København	1062	12.5655	55.6759
DK	København	1063	12.5655	55.6759
DK	København	1064	12.5655	55.6759
DK	København	1065	12.5655	55.6759
DK	København	1066	12.5655	55.6759
DK	København	1067	12.5655	55.6759
DK	København	1068	12.5655	55.6759
DK	København	1069	12.5655	55.6759
DK	København	1070	12.5655	55.6759
DK	København	1071	12.5655	55.6759
DK	København	1072	12.5655	55.6759
DK	København	1073	12.5655	55.6759
DK	København	1074	12.5655	55.6759
DK	København	1092	12.5655	55.6759
DK	København	1093	12.5655	55.6759
DK	København	1095	12.5655	55.6759
DK	København	1098	12.5655	55.6759
DK	København	1100	12.5655	55.6759
DK	København	1101	12.5655	55.6759
DK	København	1102	12.5655	55.6759
DK	København	1103	12.5655	55.6759
DK	København	1104	12.5655	55.6759
DK	København	1105	12.5655	55.6759
DK	København	1106	12.5655	55.6759
DK	København	1107	12.5655	55.6759
DK	København	1110	12.5655	55.6759
DK	København	1111	12.5655	55.6759
DK	København	1112	12.5655	55.6759
DK	København	1113	12.5655	55.6759
DK	København	1114	12.5655	55.6759
DK	København	1115	12.5655	55.6759
DK	København	1116	12.5655	55.6759
DK	København	1117	12.5655	55.6759
DK	København	1118	12.5655	55.6759
DK	København	1119	12.5655	55.6759
DK	København	1120	12.5655	55.6759
DK	København	1121	12.5655	55.6759
DK	København	1122	12.5655	55.6759
DK	København	1123	12.5655	55.6759
DK	København	1124	12.5655	55.6759
DK	København	1125	12.5655	55.6759
DK	København	1126	12.5655	55.6759
DK	København	1127	12.5655	55.6759
DK	København	1128	12.5655	55.6759
DK	København	1129	12.5655	55.6759
DK	København	1130	12.5655	55.6759
DK	København	1131	12.5655	55.6759
DK	København	1140	12.5655	55.6759
DK	København	1147	12.5655	55.6759
DK	København	1148	12.5655	55.6759
DK	København	1150	12.5655	55.6759
DK	København	1151	12.5655	55.6759
DK	København	1152	12.5655	55.6759
DK	København	1153	12.5655	55.6759
DK	København	1154	12.5655	55.6759
DK	København	1155	12.5655	55.6759
DK	København	1156	12.5655	55.6759
DK	København	1157	12.5655	55.6759
DK	København	1158	12.5655	55.6759
DK	København	1159	12.5655	55.6759
DK	København	1160	12.5655	55.6759
DK	København	1161	12.5655	55.6759
DK	København	1162	12.5655	55.6759
DK	København	1164	12.5655	55.6759
DK	København	1165	12.5655	55.6759
DK	København	1166	12.5655	55.6759
DK	København	1167	12.5655	55.6759
DK	København	1168	12.5655	55.6759
DK	København	1169	12.5655	55.6759
DK	København	1170	12.5655	55.6759
DK	København	1171	12.5655	55.6759
DK	København	1172	12.5655	55.6759
DK	København	1173	12.5655	55.6759
DK	København	1174	12.5655	55.6759
DK	København	1175	12.5655	55.6759
DK	København	1200	12.5655	55.6759
DK	København	1201	12.5655	55.6759
DK	København	1202	12.5655	55.6759
DK	København	1203	12.5655	55.6759
DK	København	1204	12.5655	55.6759
DK	København	1205	12.5655	55.6759
DK	København	1206	12.5655	55.6759
DK	København	1207	12.5655	55.6759
DK	København	1208	12.5655	55.6759
DK	København	1209	12.5655	55.6759
DK	København	1210	12.5655	55.6759
DK	København	1211	12.5655	55.6759
DK	København	1213	12.5655	55.6759
DK	København	1214	12.5655	55.6759
DK	København	1215	12.5655	55.6759
DK	København	1216	12.5655	55.6759
DK	København	1217	12.5655	55.6759
DK	København	1218	12.5655	55.6759
DK	København	1219	12.5655	55.6759
DK	København	1220	12.5655	55.6759
DK	København	1221	12.5655	55.6759
DK	København	1240	12.5655	55.6759
DK	København	1250	12.5655	55.6759
DK	København	1251	12.5655	55.6759
DK	København	1252	12.5655	55.6759
DK	København	1253	12.5655	55.6759
DK	København	1254	12.5655	55.6759
DK	København	1255	12.5655	55.6759
DK	København	1256	12.5655	55.6759
DK	København	1257	12.5655	55.6759
DK	København	1259	12.5655	55.6759
DK	København	1260	12.5655	55.6759
DK	København	1261	12.5655	55.6759
DK	København	1263	12.5655	55.6759
DK	København	1264	12.5655	55.6759
DK	København	1265	12.5655	55.6759
DK	København	1266	12.5655	55.6759
DK	København	1267	12.5655	55.6759
DK	København	1268	12.5655	55.6759
DK	København	1270	12.5655	55.6759
DK	København	1271	12.5655	55.6759
DK	København	1291	12.5655	55.6759
DK	København	1300	12.5655	55.6759
DK	København	1301	12.5655	55.6759
DK	København	1302	12.5655	55.6759
DK	København	1303	12.5655	55.6759
DK	København	1304	12.5655	55.6759
DK	København	1306	12.5655	55.6759
DK	København	1307	12.5655	55.6759
DK	København	1308	12.5655	55.6759
DK	København	1309	12.5655	55.6759
DK	København	1310	12.5655	55.6759
DK	København	1311	12.5655	55.6759
DK	København	1312	12.5655	55.6759
DK	København	1313	12.5655	55.6759
DK	København	1314	12.5655	55.6759
DK	København	1315	12.5655	55.6759
DK	København	1316	12.5655	55.6759
DK	København	1317	12.5655	55.6759
DK	København	1318	12.5655	55.6759
DK	København	1319	12.5655	55.6759
DK	København	1320	12.5655	55.6759
DK	København	1321	12.5655	55.6759
DK	København	1322	12.5655	55.6759
DK	København	1323	12.5655	55.6759
DK	København	1324	12.5655	55.6759
DK	København	1325	12.5655	55.6759
DK	København	1326	12.5655	55.6759
DK	København	1327	12.5655	55.6759
DK	København	1328	12.5655	55.6759
DK	København	1329	12.5655	55.6759
DK	København	1349	12.5655	55.6759
DK	København	1350	12.5655	55.6759
DK	København	1352	12.5655	55.6759
DK	København	1353	12.5655	55.6759
DK	København	1354	12.5655	55.6759
DK	København	1355	12.5655	55.6759
DK	København	1356	12.5655	55.6759
DK	København	1357	12.5655	55.6759
DK	København	1358	12.5655	55.6759
DK	København	1359	12.5655	55.6759
DK	København	1360	12.5655	55.6759
DK	København	1361	12.5655	55.6759
DK	København	1362	12.5655	55.6759
DK	København	1363	12.5655	55.6759
DK	København	1364	12.5655	55.6759
DK	København	1365	12.5655	55.6759
DK	København	1366	12.5655	55.6759
DK	København	1367	12.5655	55.6759
DK	København	1368	12.5655	55.6759
DK	København	1369	12.5655	55.6759
DK	København	1370	12.5655	55.6759
DK	København	1371	12.5655	55.6759
DK	København	1400	12.5655	55.6759
DK	København	1401	12.5655	55.6759
DK	København	1402	12.5655	55.6759
DK	København	1403	12.5655	55.6759
DK	København	1406	12.5655	55.6759
DK	København	1407	12.5655	55.6759
DK	København	1408	12.5655	55.6759
DK	København	1409	12.5655	55.6759
DK	København	1410	12.5655	55.6759
DK	København	1411	12.5655	55.6759
DK	København	1412	12.5655	55.6759
DK	København	1413	12.5655	55.6759
DK	København	1414	12.5655	55.6759
DK	København	1415	12.5655	55.6759
DK	København	1416	12.5655	55.6759
DK	København	1417	12.5655	55.6759
DK	København	1418	12.5655	55.6759
DK	København	1419	12.5655	55.6759
DK	København	1420	12.5655	55.6759
DK	København	1421	12.5655	55.6759
DK	København	1422	12.5655	55.6759
DK	København	1423	12.5655	55.6759
DK	København	1424	12.5655	55.6759
DK	København	1425	12.5655	55.6759
DK	København	1426	12.5655	55.6759
DK	København	1427	12.5655	55.6759
DK	København	1428	12.5655	55.6759
DK	København	1429	12.5655	55.6759
DK	København	1430	12.5655	55.6759
DK	København	1431	12.5655	55.6759
DK	København	1432	12.5655	55.6759
DK	København	1433	12.5655	55.6759
DK	København	1434	12.5655	55.6759
DK	København	1435	12.5655	55.6759
DK	København	1436	12.5655	55.6759
DK	København	1437	12.5655	55.6759
DK	København	1438	12.5655	55.6759
DK	København	1439	12.5655	55.6759
DK	København	1440	12.5655	55.6759
DK	København	1441	12.5655	55.6759
DK	København	1448	12.5655	55.6759
DK	København	1450	12.5655	55.6759
DK	København	1451	12.5655	55.6759
DK	København	1452	12.5655	55.6759
DK	København	1453	12.5655	55.6759
DK	København	1454	12.5655	55.6759
DK	København	1455	12.5655	55.6759
DK	København	1456	12.5655	55.6759
DK	København	1457	12.5655	55.6759
DK	København	1458	12.5655	55.6759
DK	København	1459	12.5655	55.6759
DK	København	1460	12.5655	55.6759
DK	København	1462	12.5655	55.6759
DK	København	1463	12.5655	55.6759
DK	København	1464	12.5655	55.6759
DK	København	1466	12.5655	55.6759
DK	København	1467	12.5655	55.6759
DK	København	1468	12.5655	55.6759
DK	København	1470	12.5655	55.6759
DK	København	1471	12.5655	55.6759
DK	København	1472	12.5655	55.6759
DK	København	1500	12.5655	55.6759
DK	København	1532	12.5655	55.6759
DK	København	1533	12.5655	55.6759
DK	København	1550	12.5655	55.6759
DK	København	1551	12.5655	55.6759
DK	København	1552	12.5655	55.6759
DK	København	1553	12.5655	55.6759
DK	København	1554	12.5655	55.6759
DK	København	1555	12.5655	55.6759
DK	København	1556	12.5655	55.6759
DK	København	1557	12.5655	55.6759
DK	København	1558	12.5655	55.6759
DK	København	1559	12.5655	55.6759
DK	København	1560	12.5655	55.6759
DK	København	1561	12.5655	55.6759
DK	København	1562	12.5655	55.6759
DK	København	1563	12.5655	55.6759
DK	København	1564	12.5655	55.6759
DK	København	1566	12.5655	55.6759
DK	København	1567	12.5655	55.6759
DK	København	1568	12.5655	55.6759
DK	København	1569	12.5655	55.6759
DK	København	1570	12.5655	55.6759
DK	København	1571	12.5655	55.6759
DK	København	1572	12.5655	55.6759
DK	København	1573	12.5655	55.6759
DK	København	1574	12.5655	55.6759
DK	København	1575	12.5655	55.6759
DK	København	1576	12.5655	55.6759
DK	København	1577	12.5655	55.6759
DK	København	1592	12.5655	55.6759
DK	København	1599	12.5655	55.6759
DK	København	1600	12.5655	55.6759
DK	København	1601	12.5655	55.6759
DK	København	1602	12.5655	55.6759
DK	København	1603	12.5655	55.6759
DK	København	1604	12.5655	55.6759
DK	København	1606	12.5655	55.6759
DK	København	1607	12.5655	55.6759
DK	København	1608	12.5655	55.6759
DK	København	1609	12.5655	55.6759
DK	København	1610	12.5655	55.6759
DK	København	1611	12.5655	55.6759
DK	København	1612	12.5655	55.6759
DK	København	1613	12.5655	55.6759
DK	København	1614	12.5655	55.6759
DK	København	1615	12.5655	55.6759
DK	København	1616	12.5655	55.6759
DK	København	1617	12.5655	55.6759
DK	København	1618	12.5655	55.6759
DK	København	1619	12.5655	55.6759
DK	København	1620	12.5655	55.6759
DK	København	1621	12.5655	55.6759
DK	København	1622	12.5655	55.6759
DK	København	1623	12.5655	55.6759
DK	København	1624	12.5655	55.6759
DK	København	1630	12.5655	55.6759
DK	København	1631	12.5655	55.6759
DK	København	1632	12.5655	55.6759
DK	København	1633	12.5655	55.6759
DK	København	1634	12.5655	55.6759
DK	København	1635	12.5655	55.6759
DK	København	1640	12.5655	55.6759
DK	København	1650	12.5655	55.6759
DK	København	1651	12.5655	55.6759
DK	København	1652	12.5655	55.6759
DK	København	1653	12.5655	55.6759
DK	København	1654	12.5655	55.6759
DK	København	1655	12.5655	55.6759
DK	København	1656	12.5655	55.6759
DK	København	1657	12.5655	55.6759
DK	København	1658	12.5655	55.6759
DK	København	1659	12.5655	55.6759
DK	København	1660	12.5655	55.6759
DK	København	1661	12.5655	55.6759
DK	København	1662	12.5655	55.6759
DK	København	1663	12.5655	55.6759
DK	København	1664	12.5655	55.6759
DK	København	1665	12.5655	55.6759
DK	København	1666	12.5655	55.6759
DK	København	1667	12.5655	55.6759
DK	København	1668	12.5655	55.6759
DK	København	1669	12.5655	55.6759
DK	København	1670	12.5655	55.6759
DK	København	1671	12.5655	55.6759
DK	København	1672	12.5655	55.6759
DK	København	1673	12.5655	55.6759
DK	København	1674	12.5655	55.6759
DK	København	1675	12.5655	55.6759
DK	København	1676	12.5655	55.6759
DK	København	1677	12.5655	55.6759
DK	København	1699	12.5655	55.6759
DK	København	1700	12.5655	55.6759
DK	København	1701	12.5655	55.6759
DK	København	1702	12.5655	55.6759
DK	København	1703	12.5655	55.6759
DK	København	1704	12.5655	55.6759
DK	København	1705	12.5655	55.6759
DK	København	1706	12.5655	55.6759
DK	København	1707	12.5655	55.6759
DK	København	1708	12.5655	55.6759
DK	København	1709	12.5655	55.6759
DK	København	1710	12.5655	55.6759
DK	København	1711	12.5655	55.6759
DK	København	1712	12.5655	55.6759
DK	København	1714	12.5655	55.6759
DK	København	1715	12.5655	55.6759
DK	København	1716	12.5655	55.6759
DK	København	1717	12.5655	55.6759
DK	København	1718	12.5655	55.6759
DK	København	1719	12.5655	55.6759
DK	København	1720	12.5655	55.6759
DK	København	1721	12.5655	55.6759
DK	København	1722	12.5655	55.6759
DK	København	1723	12.5655	55.6759
DK	København	1724	12.5655	55.6759
DK	København	1725	12.5655	55.6759
DK	København	1726	12.5655	55.6759
DK	København	1727	12.5655	55.6759
DK	København	1728	12.5655	55.6759
DK	København	1729	12.5655	55.6759
DK	København	1730	12.5655	55.6759
DK	København	1731	12.5655	55.6759
DK	København	1732	12.5655	55.6759
DK	København	1733	12.5655	55.6759
DK	København	1734	12.5655	55.6759
DK	København	1735	12.5655	55.6759
DK	København	1736	12.5655	55.6759
DK	København	1737	12.5655	55.6759
DK	København	1738	12.5655	55.6759
DK	København	1739	12.5655	55.6759
DK	København	1749	12.5655	55.6759
DK	København	1750	12.5655	55.6759
DK	København	1751	12.5655	55.6759
DK	København	1752	12.5655	55.6759
DK	København	1753	12.5655	55.6759
DK	København	1754	12.5655	55.6759
DK	København	1755	12.5655	55.6759
DK	København	1756	12.5655	55.6759
DK	København	1757	12.5655	55.6759
DK	København	1758	12.5655	55.6759
DK	København	1759	12.5655	55.6759
DK	København	1760	12.5655	55.6759
DK	København	1761	12.5655	55.6759
DK	København	1762	12.5655	55.6759
DK	København	1763	12.5655	55.6759
DK	København	1764	12.5655	55.6759
DK	København	1765	12.5655	55.6759
DK	København	1766	12.5655	55.6759
DK	København	1770	12.5655	55.6759
DK	København	1771	12.5655	55.6759
DK	København	1772	12.5655	55.6759
DK	København	1773	12.5655	55.6759
DK	København	1774	12.5655	55.6759
DK	København	1775	12.5655	55.6759
DK	København	1777	12.5655	55.6759
DK	København	1780	12.5655	55.6759
DK	København	1785	12.5655	55.6759
DK	København	1786	12.5655	55.6759
DK	København	1787	12.5655	55.6759
DK	København	1790	12.5655	55.6759
DK	København	1799	12.5655	55.6759
DK	København	2100	12.5655	55.6759
DK	København	2200	12.5655	55.6759
DK	København	2200	12.5655	55.6759
DK	København	2300	12.5655	55.6759
DK	København	2300	12.5655	55.6759
DK	København	2400	12.5655	55.6759
DK	København	2450	12.5655	55.6759
DK	København	917	12.5655	55.6759
DK	København C	900	10.5839	57.7209
DK	København C	999	10.5839	57.7209
DK	Kokkedal	2980	12.4995	55.9118
DK	Kokkedal	2980	12.4995	55.9118
DK	Kongens Lyngby	2800	12.5038	55.7704
DK	Kongens Lyngby	2800	12.5038	55.7704
DK	Kongens Lyngby	2800	12.5038	55.7704
DK	Kongens Lyngby	2800	12.5038	55.7704
DK	Kvistgård	3490	12.5045	55.9935
DK	Kvistgård	3490	12.5045	55.9935
DK	Liseleje	3360	11.9483	56.0053
DK	Lynge	3540	12.2772	55.8394
DK	Lynge	3540	12.2772	55.8394
DK	Lynge	3540	12.2772	55.8394
DK	Lynge	3540	12.2772	55.8394
DK	Måløv	2760	12.3233	55.7553
DK	Melby	3370	11.9676	55.9962
DK	Nærum	2850	12.5385	55.816
DK	Nexø	3730	15.1306	55.0607
DK	Nivå	2990	12.5048	55.9341
DK	Nordhavn	2150	12.5655	55.6759
DK	Ølsted	3310	12.0707	55.9232
DK	Ølsted	3310	12.0707	55.9232
DK	Ølstykke	3650	12.145	55.7916
DK	Østermarie	3751	15.0125	55.1407
DK	Rødovre	2610	12.4537	55.6806
DK	Rødovre	2610	12.4537	55.6806
DK	Rødovre	2610	12.4537	55.6806
DK	Rønne	3700	14.7066	55.1009
DK	Roskilde	4000	12.0803	55.6415
DK	Rungsted Kyst	2960	12.5449	55.8354
DK	Skævinge	3320	12.1667	55.9167
DK	Skævinge	3320	12.1667	55.9167
DK	Skibby	4050	11.9608	55.7512
DK	Skodsborg	2942	12.5732	55.8225
DK	Skovlunde	2740	12.398	55.7157
DK	Skovlunde	2740	12.398	55.7157
DK	Slangerup	3550	12.1833	55.85
DK	Slangerup	3550	12.1833	55.85
DK	Slangerup	3550	12.1833	55.85
DK	Slangerup	3550	12.1833	55.85
DK	Smørum	2765	12.3028	55.7423
DK	Snekkersten	3070	12.586	56.009
DK	Søborg	2860	12.5098	55.7302
DK	Søborg	2860	12.5098	55.7302
DK	Stenløse	3660	12.1972	55.7683
DK	Svaneke	3740	15.1414	55.1357
DK	Taastrup	2630	12.2922	55.6517
DK	Tikøb	3080	12.4531	56.0206
DK	Tisvildeleje	3220	12.0741	56.0598
DK	Udland	960	9.5144	56.804
DK	Værløse	3500	12.3686	55.7825
DK	Værløse	3500	12.3686	55.7825
DK	Værløse	3500	12.3686	55.7825
DK	Værløse	3500	12.3686	55.7825
DK	Værløse	3500	12.3686	55.7825
DK	Valby	2500	12.5241	55.6581
DK	Valby	2500	12.5241	55.6581
DK	Vallensbæk	2625	12.3667	55.6333
DK	Vallensbæk Strand	2665	12.35	55.6167
DK	Vanløse	2720	12.4871	55.6836
DK	Vanløse	2720	12.4871	55.6836
DK	Vedbæk	2950	12.5689	55.8473
DK	Vedbæk	2950	12.5689	55.8473
DK	Vejby	3210	12.1419	56.0639
DK	Veksø Sjælland	3670	12.0862	55.8223
DK	Virum	2830	12.451	55.7949
DK	Virum	2830	12.451	55.7949
DK	Aalestrup	9620	9.4934	56.6947
DK	Aarhus C	8000	12.2742	55.6471
DK	Aarhus N	8200	10.1987	56.1663
DK	Aarhus V	8210	10.1987	56.1663
DK	Åbyhøj	8230	10.1653	56.1563
DK	Allingåbro	8961	10.3341	56.4649
DK	Anholt	8592	11.5455	56.7036
DK	Ans By	8643	9.7758	56.1769
DK	Ans By	8643	9.7758	56.1769
DK	Aulum	7490	8.7926	56.2654
DK	Auning	8963	10.3782	56.4308
DK	Auning	8963	10.3782	56.4308
DK	Bækmarksbro	7660	8.307	56.4153
DK	Bækmarksbro	7660	8.307	56.4153
DK	Balle	8444	10.2589	56.2963
DK	Balle	8444	10.2589	56.2963
DK	Barrit	7150	9.8904	55.7118
DK	Beder	8330	10.2118	56.0602
DK	Bjerringbro	8850	9.6606	56.378
DK	Bjerringbro	8850	9.6606	56.378
DK	Bording	7441	9.2765	56.1441
DK	Bording	7441	9.2765	56.1441
DK	Bøvlingbjerg	7650	8.2029	56.4353
DK	Brabrand	8220	10.1057	56.1531
DK	Brædstrup	8740	9.6085	55.9708
DK	Brædstrup	8740	9.6085	55.9708
DK	Brande	7330	9.1218	55.9381
DK	Brande	7330	9.1218	55.9381
DK	Bryrup	8654	9.5183	56.0228
DK	Bryrup	8654	9.5183	56.0228
DK	Bryrup	8654	9.5183	56.0228
DK	Daugård	8721	9.703	55.7351
DK	Ebeltoft	8400	10.6821	56.1944
DK	Egå	8250	10.2644	56.2136
DK	Ejstrupholm	7361	9.2818	55.9841
DK	Engesvang	7442	9.3495	56.1707
DK	Engesvang	7442	9.3495	56.1707
DK	Fårup	8990	10.2494	56.3667
DK	Fårvang	8882	9.7278	56.2675
DK	Fårvang	8882	9.7278	56.2675
DK	Flemming	8762	9.6675	55.8687
DK	Flemming	8762	9.6675	55.8687
DK	Fur	7884	8.9522	56.5476
DK	Galten	8464	10.05	56.35
DK	Galten	8464	10.05	56.35
DK	Gedsted	9631	9.3367	56.6892
DK	Gedved	8751	9.846	55.9308
DK	Gedved	8751	9.846	55.9308
DK	Give	7323	9.25	55.8398
DK	Gjerlev J	8983	10.0379	56.537
DK	Gjern	8883	9.7391	56.2302
DK	Glesborg	8585	10.7233	56.4775
DK	Grenaa	8500	10.8782	56.4158
DK	Ikast	7430	9.1577	56.1388
DK	Juelsminde	7130	10.0167	55.7088
DK	Karup J	7470	9.0525	56.1739
DK	Karup J	7470	9.0525	56.1739
DK	Karup J	7470	9.0525	56.1739
DK	Kibæk	6933	8.857	56.0317
DK	Kibæk	6933	8.857	56.0317
DK	Kjellerup	8620	9.4353	56.2858
DK	Kjellerup	8620	9.4353	56.2858
DK	Klovborg	8765	9.491	55.9319
DK	Klovborg	8765	9.491	55.9319
DK	Knebel	8420	10.4886	56.2141
DK	Kolind	8560	10.5836	56.3606
DK	Kolind	8560	10.5836	56.3606
DK	Langå	8870	9.8949	56.3903
DK	Langå	8870	9.8949	56.3903
DK	Låsby	8670	9.8068	56.1502
DK	Lem St	6940	8.4606	56.1419
DK	Lemming	8632	9.5473	56.2405
DK	Lemvig	7620	8.3102	56.5486
DK	Løgstrup	8831	9.3354	56.5103
DK	Løsning	8723	9.6954	55.8024
DK	Lystrup	8520	10.4689	56.4984
DK	Malling	8340	10.1963	56.0363
DK	Malling	8340	10.1963	56.0363
DK	Mariager	9550	9.9751	56.6499
DK	Mårslet	8320	10.1623	56.0636
DK	Møldrup	9632	9.5011	56.6167
DK	Mørke	8544	10.3819	56.3345
DK	Nimtofte	8581	10.5686	56.408
DK	Nimtofte	8581	10.5686	56.408
DK	Nørre Nebel	6830	8.2952	55.7798
DK	Nørre Snede	8766	9.3932	55.9644
DK	Nørre Snede	8766	9.3932	55.9644
DK	Odder	8300	10.153	55.9731
DK	Odder	8300	10.153	55.9731
DK	Ølgod	6870	8.6286	55.8068
DK	Ørnhøj	6973	8.5645	56.1987
DK	Ørnhøj	6973	8.5645	56.1987
DK	Ørsted	8950	10.3372	56.502
DK	Ørum Djurs	8586	10.6202	56.4312
DK	Østbirk	8752	9.7556	55.9648
DK	Randers C	8900	10.262	56.4893
DK	Randers NØ	8930	10.262	56.4893
DK	Randers NV	8920	10.262	56.4893
DK	Randers SØ	8960	10.3635	56.4422
DK	Randers SØ	8960	10.3635	56.4422
DK	Randers SV	8940	10.262	56.4893
DK	Randers SV	8940	10.262	56.4893
DK	Rask Mølle	8763	9.6135	55.8721
DK	Ringkøbing	6950	8.244	56.0901
DK	Risskov	8240	10.248	56.1972
DK	Risskov Ø	8245	10.248	56.1972
DK	Rødkærsbro	8840	9.5051	56.3531
DK	Rødkærsbro	8840	9.5051	56.3531
DK	Rønde	8410	10.4751	56.3015
DK	Roslev	7870	8.9864	56.7039
DK	Ry	8680	9.7651	56.0904
DK	Ry	8680	9.7651	56.0904
DK	Ry	8680	9.7651	56.0904
DK	Ryomgård	8550	10.503	56.3843
DK	Ryomgård	8550	10.503	56.3843
DK	Tarm	6880	8.5304	55.9086
DK	Them	8653	9.5487	56.0943
DK	Thorsø	8881	9.7892	56.2995
DK	Thorsø	8881	9.7892	56.2995
DK	Thyborøn	7680	8.2124	56.6985
DK	Thyholm	7790	8.6206	56.9189
DK	Tilst	8381	10.1128	56.1938
DK	Tim	6980	8.3079	56.1956
DK	Tjele	8830	9.3696	56.5335
DK	Tørring	7160	9.4833	55.85
DK	Tørring	7160	9.4833	55.85
DK	Tranbjerg J	8310	10.1194	56.0901
DK	Trige	8380	10.1484	56.2529
DK	Trige	8380	10.1484	56.2529
DK	Trustrup	8570	10.7739	56.3493
DK	Trustrup	8570	10.7739	56.3493
DK	Uldum	7171	9.5896	55.8471
DK	Ulfborg	6990	8.3217	56.2673
DK	Ulfborg	6990	8.3217	56.2673
DK	Ulfborg	6990	8.3217	56.2673
DK	Ulfborg	6990	8.3217	56.2673
DK	Ulstrup	8860	9.7935	56.3899
DK	Ulstrup	8860	9.7935	56.3899
DK	Ulstrup	8860	9.7935	56.3899
DK	Vejle	7100	9.5357	55.7093
DK	Vejle Øst	7120	9.482	55.7644
DK	Vemb	7570	8.3375	56.3423
DK	Vemb	7570	8.3375	56.3423
DK	Viborg	8800	9.402	56.4532
DK	Viborg	8800	9.402	56.4532
DK	Viby J	8260	10.1987	56.1663
DK	Videbæk	6920	8.6285	56.0876
DK	Vildbjerg	7480	8.7667	56.2
DK	Vildbjerg	7480	8.7667	56.2
DK	Vinderup	7830	8.7908	56.4751
DK	Vinderup	7830	8.7908	56.4751
DK	Vinderup	7830	8.7908	56.4751
DK	Vinderup	7830	8.7908	56.4751
DK	Vonge	7173	9.4194	55.8604
DK	Aabybro	9440	9.7367	57.1584
DK	Aabybro	9440	9.7367	57.1584
DK	Aabybro	9440	9.7367	57.1584
DK	Aalborg	9000	9.9187	57.048
DK	Aalborg Øst	9220	9.9233	56.9733
DK	Aalborg SØ	9210	9.9233	56.9733
DK	Aalborg SV	9200	9.9233	56.9733
DK	Aalestrup	9620	9.4934	56.6947
DK	Aalestrup	9620	9.4934	56.6947
DK	Aalestrup	9620	9.4934	56.6947
DK	Aars	9600	9.5144	56.804
DK	Aars	9600	9.5144	56.804
DK	Ålbæk	9982	10.4046	57.5925
DK	Ålbæk	9982	10.4046	57.5925
DK	Arden	9510	9.8618	56.769
DK	Arden	9510	9.8618	56.769
DK	Asaa	9340	10.4037	57.1487
DK	Asaa	9340	10.4037	57.1487
DK	Bælum	9574	10.1198	56.83
DK	Bedsted Thy	7755	8.5244	56.8924
DK	Bindslev	9881	10.2036	57.5521
DK	Bindslev	9881	10.2036	57.5521
DK	Blokhus	9492	9.5897	57.248
DK	Brønderslev	9700	9.941	57.2702
DK	Brønderslev	9700	9.941	57.2702
DK	Brovst	9460	9.528	57.0956
DK	Dronninglund	9330	10.2929	57.1604
DK	Dronninglund	9330	10.2929	57.1604
DK	Dybvad	9352	10.3595	57.272
DK	Dybvad	9352	10.3595	57.272
DK	Erslev	7950	8.7501	56.8298
DK	Farsø	9640	9.3393	56.7728
DK	Fårup	8990	10.2494	56.3667
DK	Fjerritslev	9690	9.2664	57.0813
DK	Frederikshavn	9900	10.5366	57.4407
DK	Frederikshavn	9900	10.5366	57.4407
DK	Frøstrup	7741	8.9958	57.0867
DK	Gandrup	9362	10.1814	57.0574
DK	Gedsted	9631	9.3367	56.6892
DK	Gistrup	9260	9.9909	56.9943
DK	Gistrup	9260	9.9909	56.9943
DK	Hadsund	9560	10.1168	56.7148
DK	Hadsund	9560	10.1168	56.7148
DK	Hals	9370	10.3081	56.9961
DK	Hals	9370	10.3081	56.9961
DK	Hanstholm	7730	8.6167	57.1167
DK	Havndal	8970	10.1967	56.6525
DK	Hirtshals	9850	9.9592	57.5881
DK	Hjallerup	9320	10.1457	57.1647
DK	Hjallerup	9320	10.1457	57.1647
DK	Hjørring	9800	9.9823	57.4642
DK	Hobro	9500	9.7903	56.6431
DK	Hobro	9500	9.7903	56.6431
DK	Hurup Thy	7760	8.4195	56.7494
DK	Jerslev J	9740	10.0722	57.323
DK	Jerslev J	9740	10.0722	57.323
DK	Jerup	9981	10.4166	57.5343
DK	Karby	7960	8.5613	56.7536
DK	Klarup	9270	10.0562	57.0119
DK	Kongerslev	9293	10.1267	56.9056
DK	Kongerslev	9293	10.1267	56.9056
DK	Læsø	9940	10.4827	57.5448
DK	Løgstør	9670	9.2583	56.9625
DK	Løgstør	9670	9.2583	56.9625
DK	Løkken	9480	9.7147	57.3705
DK	Løkken	9480	9.7147	57.3705
DK	Løkken	9480	9.7147	57.3705
DK	Mariager	9550	9.9751	56.6499
DK	Møldrup	9632	9.5011	56.6167
DK	Nibe	9240	9.6392	56.9815
DK	Nibe	9240	9.6392	56.9815
DK	Nibe	9240	9.6392	56.9815
DK	Nørager	9610	9.5971	56.7262
DK	Nørager	9610	9.5971	56.7262
DK	Nørresundby	9400	9.9352	57.0483
DK	Nykøbing M	7900	8.6836	56.7619
DK	Øster Assels	7990	8.6946	56.7011
DK	Østervrå	9750	10.2401	57.3417
DK	Østervrå	9750	10.2401	57.3417
DK	Østervrå	9750	10.2401	57.3417
DK	Pandrup	9490	9.6757	57.2215
DK	Ranum	9681	9.2287	56.8973
DK	Redsted M	7970	8.6836	56.7619
DK	Sæby	9300	10.5225	57.3319
DK	Saltum	9493	9.698	57.2719
DK	Sindal	9870	10.2031	57.4712
DK	Sindal	9870	10.2031	57.4712
DK	Skagen	9990	10.5839	57.7209
DK	Skørping	9520	9.8925	56.8363
DK	Snedsted	7752	8.5244	56.8924
DK	Storvorde	9280	10.1013	57.0039
DK	Støvring	9530	9.8384	56.8854
DK	Støvring	9530	9.8384	56.8854
DK	Strandby	9970	10.4961	57.4915
DK	Suldrup	9541	9.7006	56.8488
DK	Suldrup	9541	9.7006	56.8488
DK	Sulsted	9381	9.9567	57.1634
DK	Sulsted	9381	9.9567	57.1634
DK	Svenstrup J	9230	9.9233	56.9733
DK	Svenstrup J	9230	9.9233	56.9733
DK	Tårs	9830	10.1167	57.3833
DK	Tårs	9830	10.1167	57.3833
DK	Terndrup	9575	10.0615	56.8139
DK	Thisted	7700	8.6949	56.9552
DK	Tylstrup	9382	9.9531	57.1947
DK	Tylstrup	9382	9.9531	57.1947
DK	Tylstrup	9382	9.9531	57.1947
DK	Vadum	9430	9.857	57.1179
DK	Vadum	9430	9.857	57.1179
DK	Vesløs	7742	8.9746	57.0383
DK	Vestbjerg	9380	9.9594	57.1317
DK	Vestervig	7770	8.3194	56.7628
DK	Vils	7980	8.7286	56.7631
DK	Vodskov	9310	10.0222	57.1085
DK	Vrå	9760	9.9515	57.3476
DK	Vrå	9760	9.9515	57.3476
DK	Askeby	4792	12.1771	54.9239
DK	Asnæs	4550	11.5013	55.8123
DK	Bandholm	4941	11.4831	54.8365
DK	Bjæverskov	4632	12.0365	55.4576
DK	Boeslunde	4242	11.2712	55.3008
DK	Bogø By	4793	12.051	54.923
DK	Borre	4791	12.4463	54.9959
DK	Borup	4140	11.9758	55.4947
DK	Borup	4140	11.9758	55.4947
DK	Borup	4140	11.9758	55.4947
DK	Dalmose	4261	11.4184	55.2942
DK	Dalmose	4261	11.4184	55.2942
DK	Dannemare	4983	11.1873	54.7624
DK	Dianalund	4293	11.4925	55.5313
DK	Dianalund	4293	11.4925	55.5313
DK	Errindlev	4895	11.4951	54.669
DK	Eskebjerg	4593	11.3045	55.713
DK	Eskilstrup	4863	11.8867	54.8557
DK	Fårevejle	4540	11.45	55.8
DK	Faxe	4640	12.1176	55.2469
DK	Faxe	4640	12.1176	55.2469
DK	Faxe Ladeplads	4654	12.2212	55.3261
DK	Fejø	4944	11.4831	54.8365
DK	Fjenneslev	4173	11.688	55.4339
DK	Fjenneslev	4173	11.688	55.4339
DK	Føllenslev	4591	11.3508	55.7255
DK	Føllenslev	4591	11.3508	55.7255
DK	Fuglebjerg	4250	11.5477	55.306
DK	Fuglebjerg	4250	11.5477	55.306
DK	Gadstrup	4621	12.0891	55.5678
DK	Gedser	4874	11.93	54.5764
DK	Gislinge	4532	11.5484	55.7343
DK	Glumsø	4171	11.6856	55.3568
DK	Gørlev	4281	11.2271	55.5393
DK	Greve	2670	12.3	55.5833
DK	Grevinge	4571	11.5516	55.8008
DK	Guldborg	4862	11.7392	54.8679
DK	Hårlev	4652	12.2338	55.3494
DK	Hårlev	4652	12.2338	55.3494
DK	Harpelunde	4912	11.0911	54.8865
DK	Haslev	4690	11.9639	55.3235
DK	Haslev	4690	11.9639	55.3235
DK	Haslev	4690	11.9639	55.3235
DK	Havdrup	4622	12.1239	55.5448
DK	Havdrup	4622	12.1239	55.5448
DK	Hedehusene	2640	12.1936	55.647
DK	Hedehusene	2640	12.1936	55.647
DK	Herfølge	4681	12.1433	55.4137
DK	Herlufmagle	4160	11.7523	55.3132
DK	Herlufmagle	4160	11.7523	55.3132
DK	Højby	4573	11.5976	55.9115
DK	Holbæk	4300	11.7167	55.7167
DK	Holeby	4960	11.4642	54.7115
DK	Holmegaard	4684	12.0694	55.3411
DK	Holmegaard	4684	12.0694	55.3411
DK	Høng	4270	11.2903	55.5116
DK	Høng	4270	11.2903	55.5116
DK	Horbelev	4871	12.0584	54.823
DK	Horslunde	4913	11.2165	54.9118
DK	Hørve	4534	11.453	55.7529
DK	Hørve	4534	11.453	55.7529
DK	Hvalsø	4330	11.8625	55.5917
DK	Hvalsø	4330	11.8625	55.5917
DK	Hvalsø	4330	11.8625	55.5917
DK	Idestrup	4872	11.9567	54.7431
DK	Jerslev Sjælland	4490	11.2406	55.6105
DK	Jyderup	4450	11.4203	55.664
DK	Jyderup	4450	11.4203	55.664
DK	Jyllinge	4040	12.1123	55.7584
DK	Jystrup Midtsj	4174	11.6872	55.4082
DK	Jystrup Midtsj	4174	11.6872	55.4082
DK	Kalundborg	4400	11.0886	55.6795
DK	Kalvehave	4771	12.1685	54.9973
DK	Karise	4653	12.2086	55.3028
DK	Karise	4653	12.2086	55.3028
DK	Karlslunde	2690	12.2258	55.5726
DK	Karlslunde	2690	12.2258	55.5726
DK	Karrebæksminde	4736	11.647	55.1816
DK	Kettinge	4892	11.7283	54.6967
DK	Kirke Eskilstrup	4360	11.7672	55.5746
DK	Kirke Eskilstrup	4360	11.7672	55.5746
DK	Kirke Hyllinge	4070	11.9002	55.7067
DK	Kirke Såby	4060	11.8712	55.6339
DK	Klippinge	4672	12.3258	55.3482
DK	Køge	4600	12.1821	55.458
DK	Køge	4600	12.1821	55.458
DK	Korsør	4220	11.1386	55.3299
DK	Langebæk	4772	12.0899	54.9965
DK	Lejre	4320	11.9748	55.6046
DK	Lejre	4320	11.9748	55.6046
DK	Lejre	4320	11.9748	55.6046
DK	Lille Skensved	4623	12.1351	55.5098
DK	Lille Skensved	4623	12.1351	55.5098
DK	Lille Skensved	4623	12.1351	55.5098
DK	Lundby	4750	11.8747	55.1089
DK	Lundby	4750	11.8747	55.1089
DK	Maribo	4930	11.5002	54.7766
DK	Maribo	4930	11.5002	54.7766
DK	Mern	4735	12.0556	55.0482
DK	Mørkøv	4440	11.5015	55.6517
DK	Munke Bjergby	4190	11.5317	55.5037
DK	Munke Bjergby	4190	11.5317	55.5037
DK	Næstved	4700	11.7609	55.2299
DK	Nakskov	4900	11.1284	54.8373
DK	Nørre Alslev	4840	11.8841	54.8978
DK	Nørre Asmindrup	4572	11.623	55.8872
DK	Nørreballe	4951	11.4304	54.8059
DK	Nykøbing F	4800	11.8179	54.7533
DK	Nykøbing Sj	4500	11.4991	55.7951
DK	Nyrup	4296	11.3623	55.4947
DK	Nyrup	4296	11.3623	55.4947
DK	Nysted	4880	11.7343	54.6651
DK	Øster Ulslev	4894	11.6267	54.6984
DK	Øster Ulslev	4894	11.6267	54.6984
DK	Præstø	4720	12.0573	55.1178
DK	Regstrup	4420	11.6157	55.6756
DK	Ringsted	4100	11.7901	55.4426
DK	Ringsted	4100	11.7901	55.4426
DK	Ringsted	4100	11.7901	55.4426
DK	Ringsted	4100	11.7901	55.4426
DK	Ringsted	4100	11.7901	55.4426
DK	Ringsted	4100	11.7901	55.4426
DK	Rødby	4970	11.3888	54.695
DK	Rødvig Stevns	4673	12.3794	55.2554
DK	Rønnede	4683	12.0212	55.2571
DK	Rønnede	4683	12.0212	55.2571
DK	Rørvig	4581	11.7527	55.944
DK	Roskilde	4000	12.0803	55.6415
DK	Roskilde	4000	12.0803	55.6415
DK	Rude	4243	11.4692	55.2307
DK	Rude	4243	11.4692	55.2307
DK	Ruds Vedby	4291	11.3796	55.5409
DK	Ruds Vedby	4291	11.3796	55.5409
DK	Tappernøje	4733	11.9787	55.165
DK	Tappernøje	4733	11.9787	55.165
DK	Tappernøje	4733	11.9787	55.165
DK	Tølløse	4340	11.7703	55.6125
DK	Tølløse	4340	11.7703	55.6125
DK	Toreby L	4891	11.6192	54.6906
DK	Torrig L	4943	11.4831	54.8365
DK	Tune	4030	12.1832	55.5953
DK	Tune	4030	12.1832	55.5953
DK	Tureby	4682	12.0769	55.373
DK	Tureby	4682	12.0769	55.373
DK	Tureby	4682	12.0769	55.373
DK	Ugerløse	4350	11.6541	55.5871
DK	Væggerløse	4873	11.9255	54.7124
DK	Veksø Sjælland	3670	12.0862	55.8223
DK	Vemmelev	4241	11.2471	55.3553
DK	Vesterborg	4953	11.2796	54.8484
DK	Viby Sjælland	4130	12.0239	55.5487
DK	Viby Sjælland	4130	12.0239	55.5487
DK	Vig	4560	11.5856	55.8508
DK	Vipperød	4390	11.7397	55.6677
DK	Vordingborg	4760	11.9106	55.008
DK	Aabenraa	6200	9.4174	55.0443
DK	Aarup	5560	10.0413	55.3732
DK	Aarup	5560	10.0413	55.3732
DK	Aarup	5560	10.0413	55.3732
DK	Ærøskøbing	5970	10.4112	54.888
DK	Agedrup	5320	10.4888	55.4324
DK	Agerbæk	6753	8.8	55.6
DK	Agerbæk	6753	8.8	55.6
DK	Agerskov	6534	9.1355	55.1289
DK	Agerskov	6534	9.1355	55.1289
DK	Agerskov	6534	9.1355	55.1289
DK	Almind	6051	9.487	55.5649
DK	Ansager	6823	8.7586	55.7031
DK	Ansager	6823	8.7586	55.7031
DK	Årre	6818	8.6675	55.5725
DK	Årre	6818	8.6675	55.5725
DK	Årslev	5792	10.4643	55.3035
DK	Asperup	5466	9.908	55.4843
DK	Assens	5610	9.9008	55.2702
DK	Augustenborg	6440	9.8722	54.952
DK	Christiansfeld	6070	9.487	55.3582
DK	Christiansfeld	6070	9.487	55.3582
DK	Dalby	5380	10.6592	55.517
DK	Ebberup	5631	9.9821	55.2433
DK	Egernsund	6320	9.6071	54.9054
DK	Egtved	6040	9.301	55.618
DK	Egtved	6040	9.301	55.618
DK	Ejby	5592	9.9297	55.4301
DK	Ejstrupholm	7361	9.2818	55.9841
DK	Esbjerg	6700	8.45	55.4667
DK	Esbjerg N	6715	8.6683	55.4183
DK	Esbjerg Ø	6705	8.45	55.4667
DK	Esbjerg V	6710	8.6683	55.4183
DK	Faaborg	5600	10.2423	55.0951
DK	Fanø	6720	8.3679	55.435
DK	Ferritslev Fyn	5863	10.6852	55.2064
DK	Ferritslev Fyn	5863	10.6852	55.2064
DK	Føvling	6683	8.9396	55.4521
DK	Føvling	6683	8.9396	55.4521
DK	Fredericia	7000	9.7526	55.5657
DK	Fredericia	7000	9.7526	55.5657
DK	Fredericia	7007	9.7526	55.5657
DK	Frørup	5871	10.7156	55.2424
DK	Gadbjerg	7321	9.3248	55.7715
DK	Gelsted	5591	9.9731	55.3988
DK	Gesten	6621	9.2076	55.5253
DK	Gislev	5854	10.6022	55.2181
DK	Gislev	5854	10.6022	55.2181
DK	Give	7323	9.25	55.8398
DK	Glamsbjerg	5620	10.1048	55.2724
DK	Glejbjerg	6752	8.8333	55.5667
DK	Gørding	6690	8.7974	55.4746
DK	Gørding	6690	8.7974	55.4746
DK	Gram	6510	9.0491	55.2895
DK	Gråsten	6300	9.5952	54.9192
DK	Gredstedbro	6771	8.7391	55.3983
DK	Grindsted	7200	8.9123	55.754
DK	Grindsted	7200	8.9123	55.754
DK	Grindsted	7200	8.9123	55.754
DK	Gudbjerg Sydfyn	5892	10.6852	55.2064
DK	Gudme	5884	10.708	55.1498
DK	Haarby	5683	10.1226	55.215
DK	Haderslev	6100	9.4898	55.2538
DK	Haderslev	6100	9.4898	55.2538
DK	Harndrup	5463	10.0216	55.4666
DK	Hejls	6094	9.5765	55.3831
DK	Hejls	6094	9.5765	55.3831
DK	Hejnsvig	7250	8.9973	55.6953
DK	Henne	6854	8.2209	55.7317
DK	Hesselager	5874	10.7452	55.1755
DK	Hesselager	5874	10.7452	55.1755
DK	Højer	6280	8.6985	54.9634
DK	Holsted	6670	8.9187	55.5109
DK	Holsted	6670	8.9187	55.5109
DK	Hovborg	6682	8.9396	55.6081
DK	Hovborg	6682	8.9396	55.6081
DK	Hovborg	6682	8.9396	55.6081
DK	Humble	5932	10.6996	54.8297
DK	Janderup Vestj	6851	8.2018	55.6336
DK	Jelling	7300	9.4258	55.7559
DK	Jordrup	6064	9.3122	55.558
DK	Kerteminde	5300	10.6577	55.449
DK	Kolding	6000	9.4722	55.4904
DK	Kruså	6340	9.4013	54.851
DK	Kværndrup	5772	10.5255	55.1775
DK	Kværndrup	5772	10.5255	55.1775
DK	Langeskov	5550	10.5845	55.3565
DK	Langeskov	5550	10.5845	55.3565
DK	Langeskov	5550	10.5845	55.3565
DK	Lintrup	6660	8.9278	55.5544
DK	Løgumkloster	6240	8.9551	55.0594
DK	Lunderskov	6640	9.2992	55.4838
DK	Marslev	5290	10.5201	55.3902
DK	Marstal	5960	10.5173	54.8562
DK	Martofte	5390	10.6578	55.5464
DK	Mesinge	5370	10.647	55.4986
DK	Middelfart	5500	9.7305	55.5059
DK	Millinge	5642	10.1994	55.135
DK	Millinge	5642	10.1994	55.135
DK	Morud	5462	10.1896	55.4481
DK	Munkebo	5330	10.5558	55.4618
DK	Munkebo	5330	10.5558	55.4618
DK	Nordborg	6430	9.7408	55.0573
DK	Nordborg	6430	9.7408	55.0573
DK	Nørre Aaby	5580	9.8794	55.4611
DK	Nørre Nebel	6830	8.2952	55.7798
DK	Nyborg	5800	10.7896	55.3127
DK	Odense	5000	10.3883	55.3959
DK	Odense M	5230	10.5201	55.3902
DK	Odense N	5270	10.5201	55.3902
DK	Odense N	5270	10.5201	55.3902
DK	Odense NØ	5240	10.5201	55.3902
DK	Odense NV	5210	10.5201	55.3902
DK	Odense S	5260	10.5201	55.3902
DK	Odense SØ	5220	10.5201	55.3902
DK	Odense SV	5250	10.5201	55.3902
DK	Odense V	5200	10.5201	55.3902
DK	Oksbøl	6840	8.2876	55.6268
DK	Ølgod	6870	8.6286	55.8068
DK	Ørbæk	5853	10.6708	55.2585
DK	Ørbæk	5853	10.6708	55.2585
DK	Otterup	5450	10.3976	55.5153
DK	Oure	5883	10.7234	55.1197
DK	Outrup	6855	8.2018	55.6336
DK	Padborg	6330	9.3625	54.8266
DK	Randbøl	7183	9.2475	55.6943
DK	Ribe	6760	8.7697	55.3305
DK	Ringe	5750	10.4706	55.2451
DK	Rødding	6630	9.0632	55.3657
DK	Rødding	6630	9.0632	55.3657
DK	Rødekro	6230	9.3164	55.0702
DK	Rømø	6792	8.5428	55.1132
DK	Rudkøbing	5900	10.7102	54.9364
DK	Rynkeby	5350	10.6137	55.4008
DK	Ryslinge	5856	10.5367	55.2416
DK	Sjølund	6093	9.5302	55.4024
DK	Skærbæk	6780	8.769	55.1574
DK	Skamby	5485	10.2749	55.5208
DK	Skårup Fyn	5881	10.7146	55.1251
DK	Søby Ærø	5985	10.643	54.8763
DK	Sommersted	6560	9.2956	55.3187
DK	Sommersted	6560	9.2956	55.3187
DK	Sønder Omme	7260	8.8972	55.8398
DK	Sønder Stenderup	6092	9.6119	55.4623
DK	Sønderborg	6400	9.8074	54.9093
DK	Søndersø	5471	10.2554	55.4853
DK	Stakroge	7270	8.8473	55.8901
DK	Stenstrup	5771	10.5047	55.1335
DK	Stenstrup	5771	10.5047	55.1335
DK	Svendborg	5700	10.6068	55.0598
DK	Sydals	6470	9.7903	54.994
DK	Tarm	6880	8.5304	55.9086
DK	Tinglev	6360	9.2524	54.931
DK	Tistrup	6862	8.6043	55.7172
DK	Tjæreborg	6731	8.5797	55.4646
DK	Toftlund	6520	9.0693	55.1886
DK	Toftlund	6520	9.0693	55.1886
DK	Tommerup	5690	10.2066	55.3195
DK	Tønder	6270	8.8667	54.9331
DK	Tørring	7160	9.4833	55.85
DK	Tranekær	5953	10.8438	54.9976
DK	Ullerslev	5540	10.6519	55.3617
DK	Ullerslev	5540	10.6519	55.3617
DK	Vamdrup	6580	9.2843	55.4276
DK	Vandel	7184	9.2133	55.7085
DK	Varde	6800	8.4807	55.6211
DK	Veflinge	5474	10.1602	55.4755
DK	Vejen	6600	9.15	55.4833
DK	Vejers Strand	6853	8.1333	55.6333
DK	Vejle	7100	9.5357	55.7093
DK	Vejle Øst	7120	9.482	55.7644
DK	Vejstrup	5882	10.7124	55.1059
DK	Vester Skerninge	5762	10.4554	55.0732
DK	Vester Skerninge	5762	10.4554	55.0732
DK	Vissenbjerg	5492	10.1378	55.3848
DK	Vissenbjerg	5492	10.1378	55.3848
DK	Vissenbjerg	5492	10.1378	55.3848
DK	Viuf	6052	9.4924	55.5853
DK	Viuf	6052	9.4924	55.5853
DK	Vojens	6500	9.306	55.2464
DK	Vonge	7173	9.4194	55.8604
DK	Vorbasse	6623	9.0824	55.6299
DK	Vorbasse	6623	9.0824	55.6299
DK	Vorbasse	6623	9.0824	55.6299
DK	Haderup	7540	8.9943	56.3896
DK	Haderup	7540	8.9943	56.3896
DK	Haderup	7540	8.9943	56.3896
DK	Hadsten	8370	10.0493	56.3282
DK	Hammel	8450	9.8632	56.2576
DK	Hammel	8450	9.8632	56.2576
DK	Hampen	7362	9.3551	56.019
DK	Hampen	7362	9.3551	56.019
DK	Harboøre	7673	8.1807	56.6175
DK	Harlev J	8462	10.05	56.35
DK	Hasselager	8361	10.1065	56.1007
DK	Havndal	8970	10.1967	56.6525
DK	Hedensted	8722	9.7011	55.7704
DK	Hemmet	6893	8.3756	55.8502
DK	Herning	7400	8.9738	56.1393
DK	Herning	7400	8.9738	56.1393
DK	Herning	7400	8.9738	56.1393
DK	Hinnerup	8382	10.063	56.2661
DK	Hinnerup	8382	10.063	56.2661
DK	Hjerm	7560	8.6345	56.4384
DK	Hjerm	7560	8.6345	56.4384
DK	Hjortshøj	8530	10.2653	56.2481
DK	Hobro	9500	9.7903	56.6431
DK	Højbjerg	8270	10.2099	56.1112
DK	Højslev	7840	9.1364	56.5856
DK	Højslev	7840	9.1364	56.5856
DK	Holstebro	7500	8.6161	56.3601
DK	Holstebro	7500	8.6161	56.3601
DK	Holstebro	7500	8.6161	56.3601
DK	Hørning	8362	10.0372	56.087
DK	Hørning	8362	10.0372	56.087
DK	Hornslet	8543	10.3204	56.3155
DK	Hornslet	8543	10.3204	56.3155
DK	Hornsyld	8783	9.8512	55.7526
DK	Hornsyld	8783	9.8512	55.7526
DK	Horsens	8700	9.8503	55.8607
DK	Horsens	8700	9.8503	55.8607
DK	Hovedgård	8732	9.955	55.9417
DK	Hundslund	8350	10.0521	55.916
DK	Hurup Thy	7760	8.4195	56.7494
DK	Hvide Sande	6960	8.1294	56.0045
DK	Sabro	8471	10.0344	56.2133
DK	Sabro	8471	10.0344	56.2133
DK	Sabro	8471	10.0344	56.2133
DK	Samsø	8305	10.6076	55.8796
DK	Silkeborg	8600	9.5451	56.1697
DK	Silkeborg	8600	9.5451	56.1697
DK	Silkeborg	8600	9.5451	56.1697
DK	Skals	8832	9.4038	56.5568
DK	Skanderborg	8660	9.9272	56.0399
DK	Skanderborg	8660	9.9272	56.0399
DK	Skanderborg	8660	9.9272	56.0399
DK	Skanderborg	8660	9.9272	56.0399
DK	Skive	7800	9.0333	56.5667
DK	Skive	7800	9.0333	56.5667
DK	Skive	7800	9.0333	56.5667
DK	Skjern	6900	8.5	55.95
DK	Skødstrup	8541	10.3041	56.2635
DK	Solbjerg	8355	10.0863	56.0427
DK	Sønder Felding	7280	8.7794	55.9376
DK	Sønder Felding	7280	8.7794	55.9376
DK	Sønder Omme	7260	8.8972	55.8398
DK	Sorring	8641	9.7758	56.1769
DK	Sorring	8641	9.7758	56.1769
DK	Sørvad	7550	8.6563	56.2629
DK	Spentrup	8981	10.0379	56.537
DK	Spjald	6971	8.5084	56.1286
DK	Sporup	8472	10.0344	56.2133
DK	Sporup	8472	10.0344	56.2133
DK	Sporup	8472	10.0344	56.2133
DK	Spøttrup	7860	8.9522	56.5476
DK	Stakroge	7270	8.8473	55.8901
DK	Stakroge	7270	8.8473	55.8901
DK	Stenderup	8781	9.8097	55.7921
DK	Stenderup	8781	9.8097	55.7921
DK	Stoholm Jyll	7850	8.9522	56.5476
DK	Stouby	7140	9.7938	55.7025
DK	Struer	7600	8.5838	56.4912
DK	Struer	7600	8.5838	56.4912
DK	Struer	7600	8.5838	56.4912
DK	Sunds	7451	9.0127	56.2042
DK	Sunds	7451	9.0127	56.2042
DK	Sakskøbing	4990	11.626	54.7997
DK	Sandved	4262	11.5217	55.263
DK	Sandved	4262	11.5217	55.263
DK	Sejerø	4592	11.3354	55.7213
DK	Sjællands Odde	4583	11.7527	55.944
DK	Skælskør	4230	11.2935	55.2506
DK	Slagelse	4200	11.3546	55.4028
DK	Slagelse	4200	11.3546	55.4028
DK	Slagelse	4200	11.3546	55.4028
DK	Slagelse	4200	11.3546	55.4028
DK	Snertinge	4460	11.3833	55.7149
DK	Snertinge	4460	11.3833	55.7149
DK	Søllested	4920	11.2712	54.8102
DK	Solrød Strand	2680	12.2223	55.5329
DK	Sorø	4180	11.5555	55.4318
DK	Sorø	4180	11.5555	55.4318
DK	Sorø	4180	11.5555	55.4318
DK	Stege	4780	12.2846	54.987
DK	Stenlille	4295	11.5915	55.5402
DK	Stenlille	4295	11.5915	55.5402
DK	Stensved	4773	12.0298	54.9971
DK	Stokkemarke	4952	11.3603	54.8381
DK	Store Fuglede	4480	11.2454	55.5852
DK	Store Heddinge	4660	12.3888	55.3096
DK	Store Merløse	4370	11.713	55.5438
DK	Store Merløse	4370	11.713	55.5438
DK	Store Merløse	4370	11.713	55.5438
DK	Strøby	4671	12.2811	55.3834
DK	Stubbekøbing	4850	12.041	54.8888
DK	Svebølle	4470	11.3172	55.6368
DK	Svebølle	4470	11.3172	55.6368
DK	Svinninge	4520	11.4655	55.7211
DK	Bække	6622	9.1397	55.5703
DK	Bagenkop	5935	10.676	54.7498
DK	Bevtoft	6541	9.2147	55.2018
DK	Bevtoft	6541	9.2147	55.2018
DK	Billum	6852	8.3333	55.6167
DK	Billund	7190	9.1079	55.7335
DK	Billund	7190	9.1079	55.7335
DK	Bjert	6091	9.5738	55.4077
DK	Blåvand	6857	8.1198	55.5529
DK	Blommenslyst	5491	10.2629	55.3895
DK	Blommenslyst	5491	10.2629	55.3895
DK	Bogense	5400	10.0886	55.5669
DK	Bolderslev	6392	9.284	54.9925
DK	Børkop	7080	9.6482	55.6379
DK	Bramming	6740	8.7001	55.4695
DK	Brande	7330	9.1218	55.9381
DK	Branderup J	6535	9.1355	55.1289
DK	Bredebro	6261	8.8293	55.0548
DK	Bredsten	7182	9.385	55.7013
DK	Brenderup Fyn	5464	10.0398	55.4663
DK	Broager	6310	9.681	54.8874
DK	Broby	5672	10.1198	55.2107
DK	Brørup	6650	9.0176	55.4819
DK	Bylderup-Bov	6372	9.0857	54.9387
