RS	Bor	19210	22.09591	44.07488
RS	Borski Brestovac	19229	22.076389	44.037222
RS	Braćevac	19315	22.50405	44.0697
RS	Brestovačka Banja	19216	22.076389	44.037222
RS	Brza Palanka	19323	22.4462	44.4702
RS	Donja Bela Reka	19213	22.20606	44.07238
RS	Donji Milanovac	19220	22.15217	44.46417
RS	Grabovica	19327	22.48937	44.49353
RS	Jabukovac	19304	22.38223	44.34841
RS	Jasikovo	19256	21.94266	44.28353
RS	Kladovo	19320	22.61194	44.60667
RS	Klokočevac	19222	22.1798	44.34599
RS	Kobišnica	19316	22.59594	44.19898
RS	Korbovo	19329	22.70644	44.52507
RS	Krivelj	19219	22.09611	44.12944
RS	Majdanpek	19250	21.94596	44.42771
RS	Metovnica	19204	22.13789	43.96086
RS	Mihajlovac, Negotin	19322	22.500278	44.359167
RS	Negotin	19300	22.53083	44.22639
RS	Oštrelj	19226	22.15934	44.07038
RS	Plavna, Negotin	19307	22.256944	44.290278
RS	Podvrška	19321	22.49941	44.58522
RS	Prahovo	19330	22.58383	44.29325
RS	Radujevac	19334	22.66788	44.26684
RS	Rogljevo	19318	22.56402	44.12461
RS	Rudna Glava	19257	22.06416	44.34062
RS	Šarbanovac	19373	22.07517	43.96132
RS	Šarbanovac-Timok	19379	22.083611	43.956944
RS	Sikole	19225	22.30342	44.1772
RS	Sip	19326	22.507778	44.669444
RS	Slatina	19221	20.44796	44.50125
RS	Štubik	19303	22.35231	44.29222
RS	Tekija	19325	22.41426	44.68706
RS	Trnjane, Negotin	19306	22.354444	44.218889
RS	Urovica	19305	22.40111	44.40028
RS	Velesnica	19328	22.55222	44.51885
RS	Zlot	19215	21.9855	44.00853
RS	Aleksandrovac, Žabari	12370	21.206944	44.440278
RS	Bare	12227	21.325278	44.642222
RS	Boževac	12313	21.39428	44.54182
RS	Bradarac	12206	21.22818	44.69002
RS	Braničevo	12222	21.53833	44.705
RS	Burovac	12307	21.35778	44.27278
RS	Dobra	12224	21.90826	44.63602
RS	Duboka, Kučevo	12255	21.760833	44.521389
RS	Dubravica	12207	21.08017	44.69636
RS	Golubac	12223	20.00684	44.18637
RS	Klenje, Golubac	12258	21.524722	44.601389
RS	Kličevac	12209	21.29044	44.75933
RS	Kostolac	12208	21.16929	44.71356
RS	Krepoljin	12316	21.60449	44.26273
RS	Kučevo	12240	21.67	44.4775
RS	Laznica	12321	21.81	44.24028
RS	Majilovac	12221	21.36201	44.69172
RS	Malo Crniće	12311	21.28556	44.55611
RS	Neresnica	12242	21.72622	44.44252
RS	Oreškovica	12308	21.32513	44.3171
RS	Osanica	12317	21.66774	44.28132
RS	Petrovac	12300	20.84888	44.26936
RS	Poljana	12372	21.20259	44.53225
RS	Porodin	12375	21.22096	44.31713
RS	Požarevac	12000	21.18782	44.62133
RS	Rabrovo	12254	21.51375	44.57641
RS	Ranovac	12304	21.47622	44.44405
RS	Rašanac	12315	21.3623	44.46091
RS	Šetonje	12309	21.47443	44.27227
RS	Smoljinac	12312	21.34605	44.60622
RS	Srednjevo	12253	21.4893	44.64491
RS	Topolovnik	12226	21.44228	44.71967
RS	Turija, Kučevo	12257	21.6375	44.521389
RS	Veliko Gradište	12220	21.51578	44.76203
RS	Veliko Laole	12306	21.43122	44.31948
RS	Voluja	12256	21.76505	44.49154
RS	Vukovac	12318	21.73827	44.25899
RS	Žabari	12374	19.93239	44.22939
RS	Žagubica	12320	21.78838	44.19685
RS	Barajevo	11460	20.41583	44.57889
RS	Barič	11504	21.55639	44.64833
RS	Baroševac	11565	20.36889	44.39861
RS	Beli Potok, Voždovac	11223	20.518056	44.703611
RS	Beljina	11461	20.38829	44.51185
RS	Beograd	11000	20.462222	44.820556
RS	Draževac, Obrenovac	11506	20.225278	44.573056
RS	Dudovica	11561	20.26308	44.29828
RS	Grabovac	11508	20.08539	44.60049
RS	Jagnjilo	11412	20.72945	44.37736
RS	Junkovac	11562	20.34923	44.44962
RS	Kaluđerica	11130	20.55412	44.75415
RS	Koraćica	11415	20.62005	44.45102
RS	Kovačevac	11409	20.73998	44.43995
RS	Lazarevac	11550	21.36162	43.24508
RS	Mala Moštanica	11261	20.306	44.63834
RS	Mali Požarevac	11235	20.65433	44.56327
RS	Međulužje	11405	20.6893	44.40917
RS	Meljak	11426	20.36919	44.62314
RS	Mirosaljci	11567	20.41758	44.43737
RS	Mladenovac	11400	20.689545	44.48279
RS	Obrenovac	11500	20.202627	44.653146
RS	Ostružnica	11251	20.31845	44.72769
RS	Pinosava	11226	20.48305	44.69543
RS	Pružatovac	11413	20.62795	44.41787
RS	Ralja	11233	20.96999	44.59286
RS	Ripanj	11232	20.52136	44.63864
RS	Rogača	11453	20.52506	44.46166
RS	Rudovci	11566	20.41225	44.37364
RS	Rušanj	11194	20.44993	44.68477
RS	Šepšin	11433	20.70452	44.54139
RS	Skela	11509	22.38235	42.70249
RS	Sopot	11450	22.56534	43.22984
RS	Sremčica	11253	20.39232	44.67653
RS	Stepojevac	11564	20.295	44.51278
RS	Stubline	11507	20.13477	44.57476
RS	Umka	11260	20.30472	44.67806
RS	Velika Ivanča	11414	20.58028	44.42639
RS	Velika Krsna	11408	20.80521	44.47841
RS	Velika Moštanica	11262	20.35395	44.66486
RS	Veliki Borak	11462	20.35048	44.53938
RS	Veliki Crljeni	11563	20.29073	44.47223
RS	Vlaška	11406	20.6873	44.50032
RS	Vranić	11427	20.32872	44.60237
RS	Vreoci	11560	20.28201	44.44336
RS	Zabrežje	11505	20.2025	44.6825
RS	Zuce	11225	20.55524	44.69806
RS	Bogojevce	16254	21.96239	43.05107
RS	Bojnik	16205	21.91639	42.41611
RS	Bošnjace	16232	21.82715	42.94635
RS	Brestovac	16253	22.40538	44.1836
RS	Crna Trava	16215	22.29881	42.80988
RS	Grdelica	16220	22.07047	42.90157
RS	Guberevac, Leskovac	16211	22.023056	42.951944
RS	Kosančić	16206	21.77788	43.08829
RS	Lebane	16230	21.7375	42.92389
RS	Lece	16248	21.52525	42.90435
RS	Leskovac	16000	20.32679	44.52962
RS	Manojlovce	16201	22.01468	43.01429
RS	Medveđa	16240	21.583333	42.839167
RS	Miroševce	16204	21.8381	42.86552
RS	Orane	16233	21.62785	42.98629
RS	Pečenjevce	16251	21.91431	43.09862
RS	Predejane	16222	22.12914	42.83284
RS	Razgojna	16252	21.95502	43.11709
RS	Sastav Reka	16213	22.35	42.9
RS	Sijarinska Banja	16246	21.60369	42.77768
RS	Svođe	16212	22.26562	42.97732
RS	Tulare	16247	21.37961	43.228
RS	Turekovac	16231	21.88155	42.9843
RS	Velika Grabovnica	16221	22.01136	42.92463
RS	Vlasotince	16210	22.13402	42.96697
RS	Vučje	16203	21.91046	42.86528
RS	Bač	21420	19.23667	45.39194
RS	Bačka Palanka	21400	19.39194	45.25083
RS	Bački Jarak	21234	19.87507	45.36995
RS	Bački Petrovac	21470	19.59167	45.36056
RS	Bačko Dobro Polje	21465	19.68982	45.50148
RS	Bačko Gradište	21217	20.03082	45.53271
RS	Bačko Novo Selo	21429	19.14109	45.29337
RS	Bačko Petrovo Selo	21226	20.07928	45.70682
RS	Banoštor	21312	19.61333	45.21222
RS	Bečej	21220	20.03331	45.61632
RS	Begeč	21411	19.62306	45.23667
RS	Beočin	21300	19.72063	45.20829
RS	Bođani	21427	19.10665	45.38958
RS	Budisava	21242	19.99389	45.28139
RS	Bukovac	21209	21.47014	44.1173
RS	Čelarevo	21413	19.52484	45.26999
RS	Čenej	21233	19.80423	45.36826
RS	Čerević	21311	19.6629	45.21934
RS	Čurug	21238	20.06861	45.47221
RS	Despotovo	21468	19.52654	45.45983
RS	Đurđevo	21239	20.058889	45.321389
RS	Futog	21410	19.71416	45.23874
RS	Gajdobra	21432	19.44577	45.3506
RS	Gardinovci	21247	20.13558	45.20359
RS	Gložan	21412	19.56838	45.27954
RS	Gospođinci	21237	19.98811	45.4038
RS	Kać	21241	19.94299	45.30407
RS	Karađorđevo, Bačka Palanka	21421	19.359444	45.275556
RS	Kisač	21211	19.72975	45.35421
RS	Kovilj	21243	20.02327	45.23422
RS	Kucura	21466	19.58866	45.5205
RS	Kulpin	21472	19.58814	45.4024
RS	Ledinci	21207	19.80554	45.18697
RS	Lok	21248	20.21222	45.21583
RS	Lug	21315	19.54516	45.18216
RS	Maglić	21473	19.53211	45.36248
RS	Mileševo	21227	19.82127	45.73462
RS	Mladenovo	21422	19.26167	45.30339
RS	Mošorin	21245	20.16919	45.30196
RS	Nadalj	21216	19.92364	45.50864
RS	Neštin	21314	19.45417	45.22308
RS	Nova Gajdobra	21431	19.43614	45.33086
RS	Novi Sad	21101	19.83694	45.25167
RS	Obrovac	21423	19.35048	45.32106
RS	Parage	21434	19.40307	45.41475
RS	Petrovaradin	21131	19.87944	45.24667
RS	Pivnice	21469	19.45535	45.47036
RS	Plavna, Bač	21428	19.121944	45.341389
RS	Radičević	21225	19.916667	45.581944
RS	Rakovac	21299	20.80318	43.3975
RS	Ravno Selo	21471	19.62097	45.44967
RS	Rumenka	21201	19.74306	45.294
RS	Šajkaš	21244	20.09051	45.27315
RS	Savino Selo	21467	19.52234	45.50657
RS	Selenča	21425	19.30022	45.40958
RS	Silbaš	21433	19.46106	45.3938
RS	Sirig	21214	19.81044	45.44026
RS	Srbobran	21480	19.80278	45.55389
RS	Sremska Kamenica	21202	19.84367	45.22158
RS	Sremski Karlovci	21205	19.93444	45.2025
RS	Stepanovićevo	21212	19.7	45.41369
RS	Susek	21313	19.53346	45.22283
RS	Temerin	21235	19.88917	45.40861
RS	Titel	21240	20.29444	45.20611
RS	Tovariševo	21424	19.32428	45.35498
RS	Turija, Srbobran	21215	19.854444	45.535833
RS	Vajska	21426	19.11194	45.4108
RS	Veternik	21203	19.7588	45.25446
RS	Vilovo	21246	20.15521	45.24859
RS	Vrbas	21460	19.64083	45.57139
RS	Žabalj	21230	20.06389	45.37222
RS	Zmajevo	21213	19.6905	45.45408
RS	Alibunar	26310	20.96583	45.08083
RS	Banatska Palanka	26324	21.33181	44.84533
RS	Banatska Subotica	26327	21.34506	44.98333
RS	Banatski Brestovac	26234	20.80904	44.72736
RS	Banatski Karlovac	26320	21.018	45.04987
RS	Banatsko Novo Selo	26314	20.78362	44.98941
RS	Baranda	26205	20.44264	45.08459
RS	Barice	26367	21.08279	45.18189
RS	Bavanište	26222	20.87654	44.81907
RS	Bela Crkva	26340	21.417	44.891833
RS	Crepaja	26213	20.63702	45.00984
RS	Crvena Crkva	26323	21.36528	44.90028
RS	Debeljača	26214	20.60153	45.0707
RS	Deliblato	26225	21.03858	44.83877
RS	Devojački Bunar	26316	21.0097	45.04167
RS	Dobrica	26354	20.84995	45.21339
RS	Dolovo	26227	20.87787	44.89817
RS	Dubovac	26224	21.20794	44.79636
RS	Dupljaja	26328	21.2776	44.9287
RS	Gaj	26223	21.06588	44.79526
RS	Glogonj	26202	20.52753	44.98644
RS	Grebenac	26347	21.23529	44.90174
RS	Gudurica	26335	21.44264	45.16816
RS	Hajdučica	26370	20.96016	45.2501
RS	Idvor	26207	20.51442	45.18896
RS	Ilandža	26352	20.92008	45.16897
RS	Ivanovo	26233	20.69778	44.73949
RS	Izbište	26343	21.18388	45.02253
RS	Jabuka, Pančevo	26201	20.593056	44.943056
RS	Janošik	26362	21.00658	45.17141
RS	Jasenovo, Bela Crkva	26346	21.289444	44.926389
RS	Jermenovci	26363	21.0455	45.18635
RS	Kačarevo	26212	20.69957	44.96721
RS	Kovačica	26210	20.62139	45.11167
RS	Kovin	26220	20.97611	44.7475
RS	Kupinik	26368	21.13702	45.29254
RS	Kusić	26349	21.47919	44.87671
RS	Kuštilj	26336	21.37988	45.03487
RS	Lokve	26361	21.03073	45.15198
RS	Margita	26364	21.17527	45.21598
RS	Miletićevo	26373	21.06404	45.30508
RS	Mramorak	26226	20.97088	44.88021
RS	Nikolinci	26322	21.06695	45.05245
RS	Novi Kozjak	26353	20.858889	45.183889
RS	Omoljica	26230	20.73407	44.75892
RS	Opovo	26204	20.43028	45.05222
RS	Padina	26215	20.7286	45.11988
RS	Pančevo	26101	20.68391	43.7231
RS	Pavliš	26333	21.23952	45.10569
RS	Plandište	26360	21.12167	45.22722
RS	Pločica	26229	20.88418	44.72032
RS	Sakule	26206	20.48619	45.14667
RS	Samoš	26350	20.77392	45.20255
RS	Sefkerin	26203	20.48256	45.00501
RS	Seleuš	26351	20.91461	45.1277
RS	Skorenovac	26228	20.90414	44.76503
RS	Starčevo	26232	20.70546	44.80729
RS	Stari Lec	26371	20.96433	45.28401
RS	Straža	26345	21.30193	44.97513
RS	Uljma	26330	21.15393	45.04213
RS	Uzdin	26216	20.62342	45.20512
RS	Vatin	26337	21.24395	45.23277
RS	Velika Greda	26366	21.03498	45.24376
RS	Veliki Gaj	26365	21.17057	45.28849
RS	Veliko Središte	26334	21.40353	45.17919
RS	Vladimirovac	26315	20.86566	45.03122
RS	Vlajkovac	26332	21.19945	45.07207
RS	Vojvodinci	26338	21.34793	45.01557
RS	Vračev Gaj	26348	21.36738	44.87869
RS	Vršac	26300	21.30361	45.11667
RS	Zagajica	26344	21.22876	44.98223
RS	Banjani	14214	19.98033	44.53774
RS	Belanovica	14246	20.39613	44.24947
RS	Bogovađa	14225	20.20055	44.32753
RS	Brankovina	14201	19.89839	44.34662
RS	Brežđe	14244	20.06063	44.17255
RS	Brgule	14212	20.17486	44.52343
RS	Divci	14222	20.03002	44.30126
RS	Divčibare	14204	19.9925	44.106
RS	Dračić	14203	19.90027	44.21569
RS	Gornja Toplica	14243	20.16794	44.22299
RS	Jabučje	14226	20.20164	44.40252
RS	Kamenica, Valjevo	14252	19.7225	44.3425
RS	Komirić	14254	19.54151	44.41226
RS	Lajkovac	14224	20.16528	44.36944
RS	Lelić	14205	19.8293	44.23026
RS	Ljig	14240	20.23819	44.23007
RS	Mionica	14242	20.08167	44.25194
RS	Osečina	14253	19.60139	44.37306
RS	Pambukovica	14213	19.92311	44.44086
RS	Pecka	14207	19.54073	44.29318
RS	Poćuta	14206	19.73274	44.21064
RS	Popučke	14221	19.95416	44.29284
RS	Pričević	14251	19.76889	44.27972
RS	Radljevo	14211	20.19055	44.46243
RS	Rajković	14202	20.01312	44.22479
RS	Slavkovica	14245	20.24575	44.17066
RS	Slovac	14223	20.0719	44.34121
RS	Stave	14255	19.48342	44.34822
RS	Ub	14210	20.07389	44.45611
RS	Valjevo	14000	19.89821	44.27513
RS	Batuse	38210	21.068333	42.589167
RS	Brezovica	38157	20.41436	43.74669
RS	Donja Gušterica	38207	21.184444	42.549167
RS	Drajkovce	38239	21.084167	42.252778
RS	Gračanica	38205	19.74434	44.22155
RS	Kosovo Polje	38210	21.094167	42.6375
RS	Laplje Selo	38204	21.140833	42.596667
RS	Lepina	38208	21.071111	42.568611
RS	Plemetina	38211	21.045833	42.7075
RS	Prilužje	38213	21.025556	42.732778
RS	Štrpce	38236	21.024444	42.234722
RS	Banjska	38216	20.42	43.2925
RS	Kosovska Mitrovica	38220	20.868611	42.892222
RS	Leposavić	38218	20.802778	43.103889
RS	Lešak	38219	20.742778	43.166667
RS	Sočanica	38217	20.81	43.054722
RS	Zubin Potok	38228	20.689722	42.914444
RS	Zvečan	38227	20.840278	42.9075
RS	Kosovska Kamenica	38260	21.581389	42.575556
RS	Parteš	38251	21.433611	42.401944
RS	Pasjane	38266	21.495556	42.406944
RS	Ranilug	38267	21.598889	42.492222
RS	Šilovo	38252	21.71255	42.90464
RS	Vrbovac	38263	20.95278	44.57278
RS	Badovinci	15358	19.37146	44.78534
RS	Banja Koviljača	15316	19.15278	44.51464
RS	Banovo Polje	15362	19.44916	44.9104
RS	Bela Crkva, Krupanj	15313	19.47957	44.39549
RS	Bogatić	15350	19.8506	44.20652
RS	Brezjak	15309	19.34132	44.50968
RS	Cerovac	15224	20.86687	44.32911
RS	Crna Bara, Bogatić	15355	19.390278	44.870833
RS	Debrc	15214	19.9027	44.62271
RS	Dobrić	15235	19.57931	44.70224
RS	Donja Borina	15317	19.15556	44.43333
RS	Donja Orovica	15323	19.47291	44.22002
RS	Donje Crniljevo	15227	19.62565	44.46772
RS	Draginac	15311	22.4352	43.05313
RS	Draginje	15226	19.7625	44.53302
RS	Drenovac, Šabac	15212	19.705556	44.867222
RS	Dublje	15359	21.20993	44.20999
RS	Glušci	15356	20.56305	43.215
RS	Jadranska Lešnica	15308	19.35209	44.5973
RS	Kamenica, Koceljeva	15222	19.720833	44.473333
RS	Klenje, Bogatić	15357	19.433889	44.804444
RS	Koceljeva	15220	19.81167	44.47361
RS	Korenita	15302	19.28905	44.51215
RS	Krupanj	15314	19.36194	44.36556
RS	Lešnica	15307	19.31	44.6525
RS	Lipnički Šor	15341	19.26572	44.58058
RS	Lipolist	15305	19.50101	44.69783
RS	Ljubovija	15320	19.37667	44.18944
RS	Loznica	15300	20.05446	44.3225
RS	Mačvanski Pričinović	15211	19.633889	44.842222
RS	Majur, Šabac	15353	19.652778	44.768611
RS	Mali Zvornik	15318	19.10651	44.37344
RS	Metlić	15233	19.62986	44.57315
RS	Orid	15213	19.79975	44.71026
RS	Petlovača	15304	19.44673	44.72224
RS	Prnjavor	15306	19.386389	44.692778
RS	Provo	15215	19.91043	44.66957
RS	Radalj	15321	19.1832	44.40398
RS	Rainovača	15342	19.372816	44.182204
RS	Ribari	15310	19.42472	44.70961
RS	Šabac	15000	19.69	44.74667
RS	Štitar	15354	19.59528	44.79415
RS	Svileuva	15221	19.82792	44.52152
RS	Tekeriš	15234	19.5297	44.55726
RS	Tršić	15303	19.2649	44.49502
RS	Uzovnica	15319	19.35241	44.26931
RS	Varna	15232	19.6515	44.67914
RS	Velika Reka	15322	19.22813	44.27001
RS	Vladimirci	15225	19.78528	44.61472
RS	Vrhpolje	15324	19.44083	44.14524
RS	Zajača	15315	19.24435	44.45681
RS	Zavlaka	15312	19.48345	44.45652
RS	Zminjak	15352	19.4707	44.75711
RS	Bele Vode	32259	20.2541	43.23066
RS	Boljkovci	32312	20.34556	44.14355
RS	Bratljevo	32256	20.19429	43.46561
RS	Brđani	32303	21.05331	43.34886
RS	Bresnica	32213	20.59005	43.87448
RS	Brezna	32307	20.28094	44.05184
RS	Brezova	32253	20.48806	43.51417
RS	Bukovica	32251	21.31852	43.49783
RS	Čačak	32101	20.34972	43.89139
RS	Dragolj	32316	20.4414	44.22191
RS	Goračići	32232	20.33646	43.77396
RS	Gornja Trepča	32215	20.48334	43.94102
RS	Gornji Milanovac	32300	20.46152	44.02603
RS	Guča	32230	20.22557	43.77894
RS	Ivanjica	32250	20.23111	43.58028
RS	Ježevica, Čačak	32222	20.024167	43.959722
RS	Kaona	32234	19.68596	44.54501
RS	Kotraža	32235	20.52555	43.33748
RS	Kušići	32258	20.27056	43.60944
RS	Lučani	32240	22.38593	42.34246
RS	Markovica	32243	20.2151	43.85408
RS	Međurečje	32255	20.22762	43.53355
RS	Mrčajevci	32210	20.52694	43.86801
RS	Mršinci	32224	20.48346	43.80015
RS	Ovčar Banja	32242	20.18583	43.89806
RS	Pranjani	32308	20.18276	43.99439
RS	Preljina	32212	20.40677	43.91454
RS	Prilički Kiseljak	32252	20.148333	43.631111
RS	Rudnik	32313	20.49398	44.13982
RS	Takovo	32304	20.05212	44.50291
RS	Trbušani	32205	20.31183	43.90802
RS	Ugrinovci	32314	20.18763	44.87635
RS	Viča	32233	21.39231	43.21135
RS	Vionica	32254	20.35415	43.43336
RS	Vraćevšnica	32315	20.61895	44.04169
RS	Zablaće	32223	20.44687	43.84562
RS	Aleksinac	18220	21.70778	43.54167
RS	Aleksinački Rudnik	18226	21.688166	43.554833
RS	Balajnac	18257	21.3645	44.08996
RS	Belotinac	18411	21.85252	43.26509
RS	Brzi Brod	18116	21.96686	43.31068
RS	Burdimo	18368	22.23723	43.40987
RS	Čečina	18417	20.39112	43.4424
RS	Doljevac	18410	21.83258	43.19817
RS	Donje Međurovo	18254	21.82325	43.29736
RS	Donji Dušnik	18242	22.10435	43.16356
RS	Draževac, Aleksinac	18223	21.786667	43.443056
RS	Gadžin Han	18240	22.03194	43.22278
RS	Gornja Toponica	18202	21.80708	43.40136
RS	Gornji Barbeš	18241	21.95076	43.19968
RS	Gornji Matejevac	18204	21.96793	43.36472
RS	Guševac	18208	22.27519	43.3914
RS	Jelašnica, Niška Banja	18206	22.050556	43.287222
RS	Jugbogdanovac	18253	21.651111	43.257778
RS	Katun	18225	21.78548	43.4937
RS	Korman, Aleksinac	18216	21.605	43.550833
RS	Kulina	18214	21.61654	43.42653
RS	Lalinac, Palilula	18256	21.784444	43.338611
RS	Lalinac, Svrljig	18201	22.018611	43.440278
RS	Lički Hanovi	18245	22.158611	43.085278
RS	Malča	18207	22.03122	43.33428
RS	Malošište	18415	21.8676	43.2399
RS	Medoševac	18209	20.29792	44.4332
RS	Merošina	18252	21.7204	43.28358
RS	Mozgovo	18229	21.6611	43.65888
RS	Mramor	18251	21.78175	43.31547
RS	Niš	18101	20.59824	43.02506
RS	Niševac	18366	22.09855	43.45857
RS	Niška Banja	18205	22.0057	43.29507
RS	Novi Bračin	37216	21.50472	43.75306
RS	Novo Selo, Palilula	18250	21.815	43.321389
RS	Ostrovica	18312	22.12446	43.31485
RS	Prekonoga	18365	22.10302	43.39547
RS	Pukovac	18255	21.85246	43.1644
RS	Ravna Dubrava	18246	22.1871	43.07479
RS	Ražanj	37215	21.54944	43.67222
RS	Rutevac	18224	21.61113	43.59081
RS	Sečanica	18203	21.74997	43.37367
RS	Sićevo	18311	22.0841	43.34093
RS	Subotinac	18227	21.69346	43.60223
RS	Svrljig	18360	22.12111	43.41333
RS	Tešica	18212	21.74947	43.46313
RS	Trnjane, Aleksinac	18213	21.624167	43.537222
RS	Trupale	18211	21.79357	43.35815
RS	Varoš	18363	21.55789	43.68404
RS	Vitoševac	37213	21.58145	43.74708
RS	Vrćenovica	18221	21.67008	43.43116
RS	Vrmdža	18236	21.81856	43.71372
RS	Zaplanjska Toponica	18244	21.921667	43.157222
RS	Žitkovac	18210	21.69234	43.51144
RS	Biljača	17522	21.74782	42.35518
RS	Bistar	17546	22.43944	42.37444
RS	Bosilegrad	17540	22.47238	42.5011
RS	Božica	17537	22.40352	42.61512
RS	Bujanovac	17520	21.76667	42.45917
RS	Donja Ljubata	17544	22.34081	42.50273
RS	Donji Stajevac	17526	22.15966	42.40116
RS	Džep	17514	22.08834	42.76822
RS	Gornja Lisina	17538	22.36323	42.55791
RS	Jelašnica, Surdulica	17531	22.086111	42.637778
RS	Klenike	17524	21.88889	42.38972
RS	Klisura	17535	22.3693	43.21807
RS	Korbevac	17545	22.02252	42.58944
RS	Kriva Feja	17543	22.17487	42.55909
RS	Lepenica	17513	22.03045	42.66955
RS	Muhovac	17529	21.75423	42.56962
RS	Preševo	17523	21.64917	42.30917
RS	Preševo-terminal	17555	21.642778	42.305556
RS	Priboj Vranjski	17511	22.01213	42.60567
RS	Radovnica	17561	22.22861	42.43364
RS	Ristovac	17521	21.84118	42.46655
RS	Stubal	17512	21.06896	43.43812
RS	Surdulica	17530	22.17083	42.69056
RS	Sveti Ilija	17508	22.045	42.47444
RS	Trgovište	17525	21.82771	43.68796
RS	Veliki Trnovac	17528	21.73989	42.47909
RS	Vladičin Han	17510	22.06333	42.70778
RS	Vlase	17507	21.87695	42.95515
RS	Vranje	17501	21.90028	42.55139
RS	Vranjska Banja	17541	21.99222	42.555
RS	Babušnica	18330	22.41383	43.06412
RS	Bela Palanka	18310	22.31111	43.21833
RS	Crnoklište	18304	22.46758	43.23376
RS	Crvena Reka	18313	22.23283	43.27166
RS	Dimitrovgrad	18320	22.77556	43.01417
RS	Dolac	18314	22.19824	43.31897
RS	Gnjilan	18309	22.55828	43.15892
RS	Kamenica, Dimitrovgrad	18324	22.888889	43.133611
RS	Krupac	18307	22.22309	43.29428
RS	Ljuberađa	18217	22.3847	43.02571
RS	Pirot	18300	22.58611	43.15306
RS	Poganovo	18326	22.66676	42.96974
RS	Poljska Ržana	18328	22.62716	43.12726
RS	Smilovci	18323	22.85123	43.08527
RS	Strelac	18332	22.46183	42.98423
RS	Sukovo	18322	22.64695	43.04989
RS	Temska	18355	22.54298	43.26113
RS	Veliko Bonjince	18215	22.26123	43.01327
RS	Visočka Ržana	18306	22.81067	43.15545
RS	Željuše	18325	22.719444	43.0075
RS	Zvonce	18333	22.5797	42.9329
RS	Azanja	11423	20.87972	44.43306
RS	Drugovac	11432	20.83164	44.54606
RS	Golobok	11316	21.00414	44.4547
RS	Kolari	11431	20.90135	44.58426
RS	Krnjevo	11319	21.04758	44.4093
RS	Kusadak	11425	20.805	44.40021
RS	Lipe	11310	20.99993	44.64104
RS	Lozovik	11317	21.10154	44.46731
RS	Lugavčina	11321	21.07083	44.52314
RS	Mala Krsna	11313	21.00744	44.58617
RS	Markovac	11325	21.47242	45.14964
RS	Mihajlovac, Smederevo	11312	20.970278	44.539722
RS	Miloševac	11318	21.11067	44.43938
RS	Osipaonica	11314	21.05479	44.54608
RS	Radinac	11311	20.96798	44.62728
RS	Ratari	11411	20.10073	44.64904
RS	Saraorci	11315	21.08156	44.49051
RS	Selevac	11407	20.87303	44.49534
RS	Skobalj	11322	21.03311	44.56458
RS	Smederevo	11300	20.93	44.66278
RS	Smederevska Palanka	11420	20.95885	44.36548
RS	Staro Selo	11324	21.08867	44.29426
RS	Velika Plana	11320	21.071111	44.322222
RS	Veliko Orašje	11323	21.0879	44.37107
RS	Vodanj	11328	20.85263	44.60963
RS	Vranovo	11329	20.9945	44.60099
RS	Bagrdan	35204	21.17867	44.07115
RS	Belušić	35263	21.1483	43.78286
RS	Bigrenica	35238	21.46489	44.01847
RS	Bobovo	35217	21.27508	44.23697
RS	Bunar	35273	21.14698	43.92004
RS	Busilovac	35249	21.48181	43.79729
RS	Ćuprija	35230	21.37	43.9275
RS	Despotovac	35213	21.44694	44.0925
RS	Donja Mutnica	35255	21.56128	43.85174
RS	Donje Vidovo	35258	21.36807	43.80287
RS	Dragocvet	35272	21.21394	43.94036
RS	Dragoševac	35262	21.22586	43.88244
RS	Dragovo	35265	21.10068	43.78718
RS	Drenovac, Paraćin	35257	21.422222	43.758056
RS	Duboka, Jagodina	35218	21.271389	44.068611
RS	Glavinci	35261	21.25099	43.92478
RS	Glogovac	35222	21.3134	44.04213
RS	Jagodina	35000	21.26121	43.97713
RS	Jasenovo, Despotovac	35241	21.305556	44.150278
RS	Jovac	35205	19.6475	43.45778
RS	Kolare	35242	21.24157	43.90116
RS	Končarevo	35219	21.3137	43.97514
RS	Krušar	35227	21.33505	44.01758
RS	Kušiljevo	35226	21.20609	44.28441
RS	Loćika	35274	21.18666	43.85835
RS	Majur, Jagodina	35270	21.290556	43.941389
RS	Medveđa, Despotovac	35224	21.338611	44.150556
RS	Mijatovac	35236	21.34035	43.95267
RS	Miloševo	35268	22.52995	44.2586
RS	Oparić	35267	21.12267	43.75115
RS	Paraćin	35250	21.40778	43.86083
RS	Plana	35247	21.54742	43.82036
RS	Plažane	35212	21.4112	44.14567
RS	Popovac	35254	21.39	44.71583
RS	Potočac	35207	21.3153	43.81478
RS	Prevešt	35264	21.04263	43.75731
RS	Raševica	35206	21.3247	43.83924
RS	Rekovac	35260	19.77749	44.03498
RS	Resavica	35237	21.51738	44.06947
RS	Ribare	35220	21.67122	44.23467
RS	Sedlare	35211	21.29401	44.19867
RS	Senje	35233	21.48359	43.96507
RS	Senjski Rudnik	35234	21.56972	43.99583
RS	Sikirica	35256	21.41893	43.77886
RS	Siokovac	35203	21.18029	43.97712
RS	Stenjevac	35215	21.5363	44.08642
RS	Stubica	35246	20.2781	44.35665
RS	Subotica, Svilajnac	35209	21.335556	44.169722
RS	Supska	35228	21.36783	43.97483
RS	Svilajnac	35210	21.1967	44.2337
RS	Svojnovo	35259	21.30632	43.79927
RS	Trešnjevica	35248	21.32512	43.86999
RS	Veliki Popović	35223	21.3573	44.11788
RS	Vojska	35208	21.21605	44.09086
RS	Aleksandrovac	37230	21.051389	43.455278
RS	Bačina	37265	21.29788	43.72612
RS	Bela Voda	37253	21.19932	43.61722
RS	Blaževo	37226	20.9086	43.22887
RS	Bošnjane	37262	20.9469	44.26484
RS	Brus	37220	21.02888	43.3846
RS	Brzeće	37225	20.88498	43.30172
RS	Ćićevac	37210	21.44085	43.71882
RS	Čitluk, Kruševac	37208	21.273611	43.588333
RS	Đunis	37202	21.504444	43.583611
RS	Donji Krčin	37258	21.1836	43.7351
RS	Globoder	37251	21.17387	43.56343
RS	Gornje Dvorane	37206	21.406111	43.501389
RS	Gornji Stepoš	37221	21.29591	43.50664
RS	Gornji Stupanj	37234	21.18496	43.47269
RS	Jasika	37252	21.298	43.61468
RS	Kaonik	37256	20.57222	43.40278
RS	Konjuh	37254	21.1814	43.64333
RS	Kruševac	37000	21.33389	43.58
RS	Kukljin	37255	21.23379	43.60424
RS	Kupci	37222	21.233333	43.453333
RS	Lepenac	37224	21.09163	43.34468
RS	Medveđa, Trstenik	37244	21.073611	43.624167
RS	Milentija	37227	20.98223	43.43254
RS	Milutovac	37246	21.12914	43.68752
RS	Obrež, Varvarin	37266	21.349444	43.769167
RS	Padež	37257	21.2858	43.66324
RS	Parunovac	37201	21.36557	43.57017
RS	Pepeljevac	37231	20.15371	44.33871
RS	Pleš	37238	20.91806	43.48444
RS	Počekovina	37243	21.075278	43.588889
RS	Pojate	37214	21.45546	43.74213
RS	Rataje	37236	21.14251	43.4778
RS	Razbojna	37223	21.1659	43.3471
RS	Ribarska Banja	37205	21.506944	43.425278
RS	Šljivovo	37239	21.07202	43.40842
RS	Stalać	37212	21.41328	43.67739
RS	Stopanja	37242	21.15016	43.58022
RS	Trnavci	37235	21.11656	43.42952
RS	Trstenik	37240	21.88982	44.52526
RS	Varvarin	37260	21.3624	43.72397
RS	Velika Drenova	37245	21.12995	43.62691
RS	Velika Lomnica	37209	21.34142	43.49568
RS	Velika Vrbnica	37233	21.19986	43.53202
RS	Veliki Šiljegovac	37204	21.52969	43.51901
RS	Zdravinje	37203	21.44603	43.4982
RS	Adrani	36203	20.63473	43.76263
RS	Baljevac	36344	20.63534	43.39229
RS	Bogutovac	36341	20.54948	43.66635
RS	Brvenik	36346	20.64615	43.35444
RS	Crkvine	36321	20.64614	44.39286
RS	Čukojevac	36220	20.83616	43.7111
RS	Delimeđe	36307	20.30224	43.10415
RS	Deževa	36305	20.47968	43.20375
RS	Jošanička Banja	36345	20.75051	43.38941
RS	Konarevo	36340	20.61231	43.702
RS	Kopaonik	36354	20.80918	43.28602
RS	Kraljevo	36000	21.70033	43.57749
RS	Lađevci	36204	20.60992	43.81716
RS	Lukare	36306	20.46278	43.07306
RS	Mataruška Banja	36201	20.61007	43.68816
RS	Novi Pazar	36300	20.51222	43.13667
RS	Novo Selo, Vrnjačka Banja	36216	20.870278	43.645278
RS	Podunavci	36215	20.83014	43.6715
RS	Raška	36350	20.3857	43.12076
RS	Ratina	36212	20.75157	43.70144
RS	Ribariće	36309	20.4697	42.97072
RS	Roćevići	36205	20.48667	43.70778
RS	Rudnica	36353	20.6844	43.23682
RS	Rudno	36222	20.48179	43.41473
RS	Samaila	36202	20.5468	43.76232
RS	Sirča	36208	20.72099	43.74637
RS	Štitare	36314	20.33365	43.22628
RS	Studenica	36343	20.508056	43.520556
RS	Tutin	36320	20.33139	42.99028
RS	Ušće	36342	20.00663	44.62933
RS	Vitanovac	36206	20.79944	43.72639
RS	Vitkovac	36207	22.3125	43.67528
RS	Vrba	36214	20.78614	43.69042
RS	Vrnjačka Banja	36210	20.89634	43.62725
RS	Vrnjci	36217	20.8781	43.61378
RS	Žiča	36221	20.65417	43.69444
RS	Bačka Topola	24300	19.6318	45.81516
RS	Bački Sokolac	24343	19.54019	45.84961
RS	Bački Vinogradi	24415	19.85594	46.12304
RS	Bajmok	24210	19.42246	45.97136
RS	Bajša	24331	19.58515	45.77988
RS	Bikovo	24206	19.75975	46.02167
RS	Čantavir	24220	19.76609	45.92102
RS	Đurđin	24213	19.487222	45.951944
RS	Feketić	24323	19.69974	45.66431
RS	Gunaroš	24312	19.82782	45.76029
RS	Hajdukovo	24414	19.716667	46.166667
RS	Karađorđevo, Bačka Topola	24308	19.587778	45.855278
RS	Kelebija	24104	19.566667	46.1
RS	Kelebija gran. prelaz	24205	19.560678	46.167557
RS	Krivaja	24341	21.33537	43.286
RS	Ljutovo	24215	19.666667	46.019722
RS	Lovćenac	24322	19.69205	45.6816
RS	Mala Bosna	24217	19.57247	46.03947
RS	Mali Beograd	24309	19.63527	45.88469
RS	Mali Iđoš	24321	19.66528	45.70833
RS	Mišićevo	24211	19.49004	45.99515
RS	Novi Žednik	24223	19.67141	45.94117
RS	Novo Orahovo	24351	19.77401	45.84823
RS	Pačir	24342	19.44174	45.90024
RS	Palić	24413	19.75647	46.10646
RS	Panonija	24330	19.521646	45.753631
RS	Pobeda	24313	19.815631	45.793621
RS	Stara Moravica	24340	19.46719	45.86954
RS	Stari Žednik	24224	19.63028	45.94864
RS	Subotica	24000	19.664726	46.098472
RS	Šupljak	24418	19.81292	46.11276
RS	Tavankut	24214	19.48721	46.04843
RS	Tomislavci	24334	19.555556	45.822778
RS	Višnjevac	24222	19.74267	45.95151
RS	Ada	24430	20.12583	45.8025
RS	Adorjan	24425	20.04007	46.00333
RS	Banatska Topola	23315	20.4653	45.67248
RS	Banatsko Aranđelovo	23332	20.24243	46.06446
RS	Banatsko Veliko Selo	23312	20.60772	45.81961
RS	Bašaid	23316	20.41434	45.64102
RS	Bogaraš	24408	19.80506	45.77692
RS	Čoka	23320	20.14333	45.9425
RS	Crna Bara, Čoka	23328	20.271944	45.970556
RS	Đala	23335	20.116667	46.15
RS	Gornji Breg	24406	20.01766	45.91995
RS	Horgoš	24410	19.96766	46.1539
RS	Horgoš granični prelaz	24411	19.975326	46.173085
RS	Iđoš	23323	20.309722	45.823889
RS	Jazovo	23327	20.2213	45.89876
RS	Kanjiža	24420	20.05	46.06667
RS	Kevi	24407	19.88028	45.85028
RS	Kikinda	23300	20.46528	45.82972
RS	Majdan	23333	20.25991	46.0945
RS	Male Pijace	24416	19.92168	46.06736
RS	Martonoš	24417	20.0589	46.11461
RS	Mokrin	23305	20.41215	45.93362
RS	Mol	24435	20.13286	45.76457
RS	Nakovo	23311	20.56709	45.87503
RS	Novi Kneževac	23330	20.1	46.05
RS	Novi Kozarci	23313	20.62289	45.78241
RS	Orom	24207	19.83458	45.97714
RS	Ostojićevo	23326	20.16642	45.88863
RS	Padej	23325	20.16279	45.82756
RS	Rusko Selo	23314	20.57117	45.76291
RS	Sajan	23324	20.27815	45.84227
RS	Sanad	23331	20.10816	45.97596
RS	Senta	24400	20.07722	45.9275
RS	Srpski Krstur	23334	20.1	46.133333
RS	Tornjoš	24352	19.83523	45.87692
RS	Totovo Selo	24427	19.91736	45.96383
RS	Trešnjevac	24426	19.98633	45.9789
RS	Utrine	24437	19.89997	45.81198
RS	Velebit	24428	19.93937	46.00726
RS	Vrbica	23329	20.31325	46.00584
RS	Aleksandrovo	23217	20.59288	45.63755
RS	Aradac	23207	20.30137	45.38346
RS	Banatska Dubica	23251	20.82833	45.27146
RS	Banatski Despotovac	23242	20.66407	45.36606
RS	Banatski Dvor	23213	20.51146	45.51866
RS	Banatsko Karađorđevo	23216	20.56421	45.58693
RS	Belo Blato	23205	20.375	45.27278
RS	Bočar	23274	20.2839	45.76994
RS	Boka	23252	20.82987	45.3554
RS	Botoš	23243	20.63514	45.30837
RS	Čenta	23266	20.38946	45.10814
RS	Čestereg	23215	20.53194	45.56361
RS	Ečka	23203	20.44294	45.32328
RS	Elemir	23208	20.30003	45.44263
RS	Farkaždin	23264	20.47239	45.19172
RS	Hetin	23235	20.79138	45.66202
RS	Jankov Most	23201	20.43834	45.47498
RS	Jarkovac	23250	20.76078	45.26985
RS	Jaša Tomić	23230	20.85546	45.44725
RS	Klek	23211	20.48049	45.42254
RS	Knićanin	23265	20.319	45.18675
RS	Konak	23253	20.91468	45.31575
RS	Krajišnik	23231	20.72976	45.45283
RS	Kumane	23271	20.22902	45.53946
RS	Lazarevo	23241	20.53999	45.38893
RS	Lukićevo	23261	20.49895	45.33815
RS	Lukino Selo	23224	20.42632	45.30244
RS	Međa	23234	20.80677	45.53815
RS	Melenci	23270	20.31961	45.5168
RS	Melenci-Rusanda	23269	20.316944	45.508333
RS	Mihajlovo	23202	20.41508	45.47085
RS	Mužlja	23206	20.40909	45.34412
RS	Neuzina	23245	20.71418	45.3446
RS	Nova Crnja	23218	20.605	45.66833
RS	Novi Bečej	23272	20.13556	45.59861
RS	Novi Itebej	23236	20.7003	45.55918
RS	Novo Miloševo	23273	20.30364	45.71916
RS	Orlovat	23263	20.58089	45.24171
RS	Perlez	23260	20.38197	45.20813
RS	Radojevo	23221	20.78917	45.74617
RS	Ravni Topolovac	23212	20.56939	45.46082
RS	Sečanj	23240	20.77222	45.36667
RS	Srpska Crnja	23220	20.69008	45.72538
RS	Srpski Itebej	23233	20.7135	45.56716
RS	Stajićevo	23204	20.45844	45.29489
RS	Šurjan	23254	20.87474	45.39956
RS	Sutjeska	23244	20.6962	45.38312
RS	Taraš	23209	20.19867	45.46737
RS	Toba	23222	20.55714	45.68943
RS	Tomaševac	23262	20.62272	45.26855
RS	Torak	23232	20.603889	45.505278
RS	Torda	23214	20.459	45.58423
RS	Vojvoda Stepa	23219	20.65536	45.68537
RS	Žitište	23210	20.54972	45.485
RS	Zlatica	23255	20.58272	45.3862
RS	Zrenjanin	23101	20.38194	45.38361
RS	Adaševci	22244	19.22128	45.07933
RS	Ašanja	22418	20.07589	44.75639
RS	Bačinci	22225	19.30696	45.08158
RS	Banovci-Dunav	22303	20.275833	44.952778
RS	Batrovci	22251	19.13228	45.05275
RS	Belegiš	22306	20.33212	45.01873
RS	Berkasovo	22242	19.25275	45.1459
RS	Bešenovo	22212	19.70408	45.08364
RS	Beška	22324	20.06698	45.13092
RS	Bikić Do	22254	19.29265	45.15424
RS	Bingula	22253	19.44858	45.09951
RS	Bosut	22217	19.36086	44.92976
RS	Buđanovci	22421	19.86344	44.89388
RS	Čalma	22231	19.50705	45.07948
RS	Čortanovci	22326	20.01851	45.1546
RS	Deč	22441	20.11392	44.83526
RS	Divoš	22232	19.50976	45.11092
RS	Dobrinci	22412	19.92662	44.95369
RS	Erdevik	22230	19.40881	45.11721
RS	Gibarac	22258	19.26369	45.1039
RS	Golubinci	22308	20.06338	44.98533
RS	Grabovci	22423	19.84489	44.76496
RS	Grgurevci	22213	19.64639	45.10434
RS	Hrtkovci	22427	19.76374	44.88155
RS	Ilinci	22250	22.28321	43.26147
RS	Inđija	22320	20.08165	45.04816
RS	Irig	22406	19.85833	45.10111
RS	Jamena	22248	19.06379	44.88398
RS	Jarak	22426	19.75477	44.91843
RS	Jazak	22409	19.76694	45.10444
RS	Karlovčić	22443	20.04503	44.82324
RS	Klenak	22424	19.71004	44.78846
RS	Kraljevci	22411	19.88327	44.97741
RS	Krčedin	22325	20.13308	45.13872
RS	Krnješevci	22314	20.13802	44.88876
RS	Krušedol	22328	19.94706	45.11337
RS	Kukujevci	22224	19.34072	45.06971
RS	Kupinovo	22419	20.04958	44.70708
RS	Kuzmin	22223	19.40462	45.02234
RS	Laćarak	22221	19.56987	44.99703
RS	Ležimir	22207	19.57068	45.12315
RS	Ljuba	22255	19.389	45.15777
RS	Ljukovo	22321	20.02737	45.02604
RS	Mačvanska Mitrovica	22202	19.59314	44.96739
RS	Manđelos	22208	19.59762	45.08369
RS	Maradik	22327	19.99284	45.10142
RS	Martinci	22222	19.45974	45.01116
RS	Molovin	22256	19.31212	45.18295
RS	Morović	22245	19.21509	45.00987
RS	Nikinci	22422	19.8232	44.85017
RS	Noćaj	22203	19.55041	44.92677
RS	Nova Pazova	22330	20.21931	44.94366
RS	Novi Banovci	22304	20.28025	44.95561
RS	Novi Karlovci	22322	20.17948	45.07636
RS	Novi Slankamen	22323	20.23914	45.12554
RS	Obrež, Pećinci	22417	19.97	44.735
RS	Ogar	22416	19.94768	44.79227
RS	Pećinci	22410	19.96639	44.90889
RS	Platičevo	22420	19.79487	44.82213
RS	Popinci	22428	20.00699	44.92835
RS	Prhovo	22442	20.00831	44.88253
RS	Privina Glava	22257	19.29579	45.14188
RS	Putinci	22404	19.97102	44.99259
RS	Ravnje	22205	19.4228	44.94326
RS	Ruma	22400	19.82222	45.00806
RS	Salaš Noćajski	22204	19.58611	44.94722
RS	Šašinci	22425	19.74151	44.96514
RS	Sibač	22440	19.93337	44.90601
RS	Šid	22239	19.22639	45.12833
RS	Šimanovci	22310	20.09175	44.87393
RS	Sot	22243	19.31782	45.16077
RS	Sremska Mitrovica	22000	19.61222	44.97639
RS	Sremska Rača	22247	19.28577	44.92077
RS	Sremski Mihaljevci	22413	20.04078	44.85872
RS	Stara Pazova	22300	20.16083	44.985
RS	Stari Banovci	22305	20.28382	44.9842
RS	Stari Slankamen	22329	20.25741	45.14294
RS	Stejanovci	22405	19.72412	45.05637
RS	Subotište	22414	19.9598	44.84514
RS	Surduk	22307	20.31898	45.07474
RS	Vašica	22241	19.18608	45.09499
RS	Veliki Radinci	22211	19.67473	45.04524
RS	Višnjićevo	22246	19.28994	44.96732
RS	Voganj	22429	19.75609	45.00322
RS	Vojka	22313	20.15236	44.93713
RS	Vrdnik	22408	19.79227	45.12174
RS	Zasavica	22201	19.45006	44.72813
RS	Aranđelovac	34300	20.56	44.30694
RS	Badnjevac	34226	20.98242	44.13175
RS	Banja	34304	20.62141	44.27894
RS	Bare	34205	20.700	44.033333
RS	Batočina	34227	21.08167	44.15361
RS	Belosavci	34312	20.67458	44.33154
RS	Beloševac	34208	19.94525	44.26387
RS	Brzan	34228	21.11508	44.12398
RS	Bukorovac	34217	21.0035	43.98737
RS	Bukovik	34301	20.51738	44.32943
RS	Čumić	34322	20.78212	44.1476
RS	Darosava	34305	20.45314	44.33412
RS	Desimirovac	34321	20.88024	44.07245
RS	Divostin	34204	20.83354	44.02292
RS	Donja Šatornja	34314	20.60205	44.19408
RS	Dragobraća	34231	20.83816	43.96772
RS	Erdeč	34207	20.8999	43.97138
RS	Gornja Sabanta	34206	21.00373	43.94195
RS	Gornja Trnava	34324	20.76495	44.18478
RS	Grošnica	34202	20.87597	43.95402
RS	Gruža	34230	20.76938	43.89896
RS	Guberevac, Knić	34232	20.95	44.216667
RS	Ilićevo	34203	20.91167	44.014167
RS	Jarmenovci	34318	20.54621	44.18488
RS	Jelovik	34309	20.45529	44.26443
RS	Jovanovac, Aerodrom	34211	20.95	44.05
RS	Knić	34240	20.71889	43.92694
RS	Korman, Pivara	34224	21.001667	44.0425
RS	Kragujevac	34000	20.91667	44.01667
RS	Lapovo	34221	21.09727	44.18424
RS	Lapovo	34220	21.1	44.183333
RS	Lužnice	34325	20.81777	44.1072
RS	Male Pčelice	34216	20.85446	44.00345
RS	Malo Krčmare	34212	20.92685	44.15503
RS	Maršić	34209	20.97772	44.03264
RS	Milatovac	34222	21.76589	44.25992
RS	Natalinci	34313	20.80367	44.2529
RS	Orašac	34308	20.58666	44.33057
RS	Rača Kragujevačka	34210	20.978611	44.2275
RS	Ranilović	34302	20.51679	44.39809
RS	Resnik	34225	20.45486	44.71457
RS	Sipić	34213	20.96062	44.16775
RS	Šljivovac	34219	21.2234	44.54065
RS	Stojnik	34307	20.49854	44.51314
RS	Stragari	34323	20.66126	44.15335
RS	Topola	34310	21.188	43.88457
RS	Toponica	34243	21.26882	44.51646
RS	Venčane	34306	20.46778	44.40667
RS	Zabojnica	34244	20.75465	43.99353
RS	Žirovnica	34229	21.02611	44.11785
RS	Barbatovac	18426	21.25889	43.22806
RS	Barlovo	18432	21.3534	43.18146
RS	Beloljin	18424	21.39673	43.23846
RS	Blace	18420	21.28583	43.29528
RS	Dobri Do	18408	20.96315	44.49028
RS	Donja Rečica	18404	21.49384	43.29245
RS	Donja Trnava	18421	20.78744	44.19442
RS	Donje Crnatovo	18414	21.77271	43.15231
RS	Dubovo	18406	21.69518	43.11139
RS	Džigolj	18405	21.5605	43.33563
RS	Gornja Draguša	18425	21.36028	43.2795
RS	Jovanovac, Merošina	18258	21.675333	43.339666
RS	Kruševica	18409	20.3971	44.3489
RS	Kuršumlija	18430	21.27339	43.13826
RS	Kuršumlijska Banja	18435	21.25	43.05
RS	Lukovska Banja	18437	21.050434	43.168128
RS	Mala Plana	18423	21.01781	44.37036
RS	Merćez	18436	21.06624	43.23784
RS	Merdare	18445	21.26297	42.92914
RS	Pejkovac	18413	21.73294	43.22614
RS	Prokuplje	18400	21.58806	43.23417
RS	Prolom Banja	18433	21.400833	43.036111
RS	Rača	18440	21.32108	43.00795
RS	Velika Plana, Prokuplje	18403	21.437778	43.318889
RS	Žitni Potok	18407	21.57476	43.09021
RS	Žitorađa	18412	21.71306	43.19
RS	Žuč	18438	21.15676	43.2007
RS	Beli Potok, Knjaževac	19366	22.076111	43.534722
RS	Bogovina	19372	21.94985	43.89296
RS	Boljevac	19370	21.50679	43.4104
RS	Brusnik	19313	22.44812	44.10675
RS	Bučje	19369	22.14904	44.13811
RS	Čitluk, Sokobanja	18232	22.016944	43.639444
RS	Donja Kamenica	19352	22.32627	43.48817
RS	Donje Zuniče	19345	22.2768	43.62257
RS	Dubočane	19232	22.27671	44.10726
RS	Dugo Polje	18237	21.95226	43.62863
RS	Gamzigradska Banja	19228	22.28472	43.90417
RS	Gradskovo	19205	22.38744	44.02103
RS	Grlište	19342	22.24489	43.81302
RS	Grljan	19341	22.29313	43.86003
RS	Jošanica	18234	21.71282	44.27856
RS	Kalna	19353	22.40628	43.41662
RS	Knjaževac	19350	22.433333	43.5
RS	Koprivnica	19223	22.32549	44.04782
RS	Krivi Vir	19375	21.74898	43.82306
RS	Lenovac	19343	22.16494	43.80519
RS	Lubnica	19208	22.19723	43.86734
RS	Lukovo	19371	21.83933	43.80286
RS	Mali Izvor	19347	21.92235	43.84564
RS	Mali Jasenovac	19209	22.44918	44.03507
RS	Minićevo	19340	22.29331	43.68427
RS	Nikoličevo	19311	22.243056	43.968611
RS	Podgorac	19233	21.94909	43.93908
RS	Podvis	19362	22.18726	43.5473
RS	Rgotina	19214	22.27392	44.01158
RS	Salaš	19224	22.31803	44.11216
RS	Savinac	19377	22.04228	43.90558
RS	Sokobanja	18230	21.869444	43.639444
RS	Sumrakovac	19376	22.03053	43.93988
RS	Vasilj	19367	22.15584	43.57035
RS	Velika Jasikova	19235	22.36096	44.08306
RS	Veliki Izvor	19206	22.33294	43.91838
RS	Vina	19368	22.14583	43.61861
RS	Vratarnica	19344	22.30341	43.7949
RS	Vražogrnac	19312	22.31989	43.96182
RS	Zaječar	19000	22.26405	43.90358
RS	Zvezdan	19227	22.21431	43.90091
RS	Aleksa Šantić	25212	19.33252	45.92843
RS	Apatin	25260	18.98472	45.67111
RS	Bački Breg	25275	18.92944	45.92034
RS	Bački Brestovac	25242	19.27095	45.61823
RS	Bački Gračac	25252	19.32353	45.55452
RS	Bački Monoštor	25272	18.93402	45.79441
RS	Bezdan	25270	18.93021	45.85141
RS	Bogojevo	25245	19.13205	45.53106
RS	Čonoplja	25210	19.25132	45.81128
RS	Crvenka	25220	20.4416	44.85969
RS	Deronje	25254	19.22027	45.45534
RS	Doroslovo	25243	19.18868	45.60699
RS	Gakovo	25282	19.06138	45.90078
RS	Karavukovo	25255	19.19415	45.49829
RS	Kljajićevo	25221	19.27696	45.77036
RS	Kolut	25274	18.9276	45.89292
RS	Kruščić	25225	19.358611	45.608889
RS	Kula	25230	21.37866	44.5122
RS	Kupusina	25262	21.00611	44.26194
RS	Lalić	25234	19.36577	45.51928
RS	Lipar	25232	20.62889	44.32444
RS	Nova Crvenka	25224	19.48772	45.69564
RS	Odžaci	25250	19.26111	45.50667
RS	Prigrevica	25263	19.08809	45.67636
RS	Rastina	25283	19.03544	45.96012
RS	Ratkovo	25253	19.33728	45.45566
RS	Riđica	25280	19.10635	45.99088
RS	Ruski Krstur	25233	19.42002	45.56392
RS	Sivac	25223	19.38267	45.70446
RS	Sombor	25101	19.11222	45.77417
RS	Sonta	25264	19.09719	45.59427
RS	Srpski Miletić	25244	19.20378	45.55942
RS	Stanišić	25284	19.16709	45.93895
RS	Stapar	25240	19.20064	45.66426
RS	Svetozar Miletić	25211	19.20581	45.85223
RS	Svilojevo	25265	19.06644	45.64902
RS	Telečka	25222	19.38183	45.795
RS	Aljinovići	31307	19.84874	43.33765
RS	Arilje	31230	20.09556	43.75306
RS	Bačevci	31258	20.85472	43.38611
RS	Bajina Bašta	31250	19.5675	43.97083
RS	Banja	31337	19.562778	43.556111
RS	Bare	36315	19.733333	43.166667
RS	Bela Zemlja	31311	19.7949	43.81155
RS	Bioska	31241	19.66292	43.87183
RS	Bistrica	31325	20.34099	44.37622
RS	Božetići	31322	19.97218	43.44841
RS	Brekovo	31234	20.0115	43.64529
RS	Brodarevo	31305	19.71958	43.22897
RS	Čajetina	31310	20.75917	43.27167
RS	Divljaka	31236	20.1257	43.67906
RS	Draglica	31317	19.74448	43.57658
RS	Duga Poljana	36312	20.22778	43.25152
RS	Gornja Dobrinja	31214	20.08661	43.95427
RS	Gostun	31308	19.75714	43.18886
RS	Jabuka, Prijepolje	31306	19.517778	43.350833
RS	Jasenovo, Nova Varoš	31319	19.888889	43.555
RS	Jelen Do	31215	20.11216	43.89489
RS	Ježevica, Požega	31213	20.029167	43.966389
RS	Karan	31204	19.89482	43.91808
RS	Kokin Brod	31318	19.80139	43.51444
RS	Kosjerić	31260	19.90694	43.99611
RS	Kostojevići	31254	19.68722	44.0075
RS	Kremna	31242	19.57433	43.83807
RS	Ljubiš	31209	19.85651	43.61674
RS	Lunovo Selo	31203	19.93823	43.88265
RS	Mačkat	31312	19.78196	43.79183
RS	Mitrovac	31251	19.4237	43.92149
RS	Mokra Gora	31243	19.50033	43.78853
RS	Nova Varoš	31320	19.81139	43.46056
RS	Perućac	31256	19.42542	43.95786
RS	Požega	31210	20.03632	43.84889
RS	Priboj	31330	21.92425	43.06071
RS	Prijepolje	31300	19.6487	43.38996
RS	Ravni	31206	21.19196	43.35959
RS	Ražana	31265	19.91864	44.06836
RS	Rogačica	31255	19.63239	44.03719
RS	Roge	31237	19.99858	43.76911
RS	Rožanstvo	31208	19.83837	43.71533
RS	Sastavci	31335	21.32082	42.99201
RS	Seča Reka	31262	19.83613	44.01039
RS	Sevojno	31205	19.91075	43.8496
RS	Sirogojno	31207	19.88746	43.689
RS	Sjenica	36310	19.99944	43.27306
RS	Šljivovica	31244	19.5125	43.90194
RS	Štavalj	36311	20.11714	43.27395
RS	Ugao	36313	20.05683	43.05009
RS	Užice	31000	19.84878	43.85861
RS	Varda	31263	19.7513	44.04362
RS	Zlatibor	31315	19.70029	43.729
RS	Zlodol	31253	19.67289	43.9338
